Boundary Comm name,PA name,ONS code,PANO,region_name,country_name,constituency_type,Index_of_change,"""turnout""",electorate,total_votes,majority,maj+pc,Win19,Second19,con_pc,lab_pc,ld_pc,green_pc,bxp_pc,snp_pc,plaid_pc,other_pc
Aberafan Maesteg,Aberafan Maesteg,W07000081,1,WA,Wales,County,69.2,63.6,69817,44423,13457,30.29,Lab,Con,22.63,52.92,3.7,1.58,8.54,0,8.98,1.65
Aberdeen North,Aberdeen North,S14000060,2,SC,Scotland,Borough,61.3,65.2,76895,50127,14210,28.35,SNP,Con,24.55,11.98,7.73,1.22,1.62,52.9,0,0
Aberdeen South,Aberdeen South,S14000061,3,SC,Scotland,Borough,21.1,65.5,76560,50118,5463,10.9,SNP,Con,34.36,8.77,10.69,0.53,0.39,45.26,0,0
Aberdeenshire North and Moray East,Aberdeenshire North & Moray East,S14000062,4,SC,Scotland,County,48.9,64.2,71485,45891,2399,5.23,Con,SNP,48.32,4.17,4.42,0,0,43.09,0,0
West Aberdeenshire and Kincardine,Aberdeenshire West & Kincardine,S14000058,5,SC,Scotland,County,none,72.4,73634,53345,843,1.58,Con,SNP,42.65,4.56,11.72,0,0,41.07,0,0
Airdrie and Shotts,Airdrie & Shotts,S14000063,6,SC,Scotland,County,10.8,65.8,70420,46338,5324,11.49,SNP,Lab,17.26,33.11,3.57,1.46,0,44.6,0,0
Aldershot,Aldershot,E14001063,7,SE,England,Borough,6.6,67.5,76765,51828,17985,34.7,Con,Lab,56.83,22.13,17.5,3.55,0,0,0,0
Aldridge-Brownhills,Aldridge-Brownhills,E14001064,8,WM,England,Borough,20.7,64.7,73122,47321,22758,48.09,Con,Lab,69.61,21.52,5.61,1.84,0.71,0,0,0.71
Alloa and Grangemouth,Alloa & Grangemouth,S14000064,9,SC,Scotland,County,99.7,63.2,72265,45658,12727,27.87,SNP,Con,24.8,14.5,5.31,1.48,0.39,52.67,0,0.84
Altrincham and Sale West,Altrincham & Sale West,E14001065,10,NW,England,Borough,none,74.1,73934,54763,6139,11.21,Con,Lab,48.05,36.84,11.02,2.86,0,0,0,1.24
Alyn and Deeside,Alyn & Deeside,W07000082,11,WA,Wales,County,20.1,69.2,75695,52350,411,0.79,Lab,Con,41.95,42.74,5.91,0,5.99,0,3.4,0
Amber Valley,Amber Valley,E14001066,12,EM,England,County,0.1,64.6,70625,45609,16891,37.03,Con,Lab,63.84,26.81,6.3,3.05,0,0,0,0
Angus and Perthshire Glens,Angus & Perthshire Glens,S14000065,13,SC,Scotland,County,91.6,73.4,77006,56547,6005,10.62,SNP,Con,39.8,4.25,4.96,0,0.58,50.42,0,0
East Antrim,Antrim East,N05000005,14,NI,Northern Ireland,County,13.7,57.4,69936,40156,6395,15.93,DUP,All,2.51,,,1.71,,,,0
North Antrim,Antrim North,N05000012,15,NI,Northern Ireland,County,11.4,57.1,71165,40622,13765,33.89,DUP,UUP,0.04,,,0,,,,0.61
South Antrim,Antrim South,N05000014,16,NI,Northern Ireland,County,5.7,59.6,71646,42668,3036,7.12,DUP,UUP,0.04,,,0,,,,0.03
Arbroath and Broughty Ferry,Arbroath & Broughty Ferry,S14000066,17,SC,Scotland,County,56.8,67.9,76810,52124,10777,20.68,SNP,Con,30.26,10.21,8,0,0,50.94,0,0.6
"Argyll, Bute and South Lochaber","Argyll, Bute & South Lochaber",S14000067,18,SC,Scotland,County,6.1,70.7,71707,50727,4897,9.65,SNP,Con,34.51,7.08,14.14,0,0.11,44.16,0,0
Arundel and South Downs,Arundel & South Downs,E14001067,19,SE,England,County,57.8,75.5,76974,58105,24105,41.49,Con,LD,60.44,15.68,18.95,3.98,0,0,0,0.96
Ashfield,Ashfield,E14001068,20,EM,England,County,18,61.5,69819,42949,5303,12.35,Con,Other,39.2,25.58,2.07,1.31,4.98,0,0,26.86
Ashford,Ashford,E14001069,21,SE,England,County,54.7,66.1,73546,48579,17211,35.43,Con,Lab,59.2,23.77,10.65,4.6,0,0,0,1.77
Ashton-under-Lyne,Ashton-under-Lyne,E14001070,22,NW,England,Borough,50.9,57.2,72278,41377,4689,11.33,Lab,Con,36.2,47.53,4.29,3.48,8.5,0,0,0
Aylesbury,Aylesbury,E14001071,23,SE,England,County,54.3,76.5,75636,57888,16640,28.75,Con,Lab,51.69,22.95,21.89,2.94,0.53,0,0,0
"Ayr, Carrick and Cumnock","Ayr, Carrick & Cumnock",S14000006,24,SC,Scotland,County,none,64.7,72057,46592,2329,5,SNP,Con,38.51,13.35,4.63,0,0,43.51,0,0
Central Ayrshire,Ayrshire Central,S14000010,25,SC,Scotland,County,none,66.7,69779,46534,5304,11.4,SNP,Con,34.77,14.15,4.91,0,0,46.17,0,0
North Ayrshire and Arran,Ayrshire North & Arran,S14000048,26,SC,Scotland,County,none,65.4,73588,48154,8521,17.7,SNP,Con,30.85,13.92,4.38,2.31,0,48.54,0,0
Banbury,Banbury,E14001072,27,SE,England,County,55.2,72.6,69943,50810,13799,27.16,Con,Lab,51.95,24.79,20.34,2.91,0,0,0,0
Bangor Aberconwy,Bangor Aberconwy,W07000083,28,WA,Wales,County,57.1,68.7,70468,48407,749,1.55,Con,Lab,39.98,38.44,4.42,0,0.94,0,16.21,0
Barking,Barking,E14001073,29,GL,England,Borough,8.7,57.1,71822,41019,13993,34.11,Lab,Con,26.82,60.94,3.31,1.83,7.1,0,0,0
Barnsley North,Barnsley North,E14001074,30,YH,England,County,38.6,57.9,76794,44480,4002,8.9973,Lab,Brexit,23.97,38.54,3.57,2.36,29.54,0,0,2.02
Barnsley South,Barnsley South,E14001075,31,YH,England,County,61.4,49.4,75896,"37,508","4,720",12.584,Lab,Brexit,22.65,41.82,3.5,2.06,29.23,0,0,0.74
Barrow and Furness,Barrow & Furness,E14001076,32,NW,England,County,11.5,65.3,76603,50047,7436,14.86,Con,Lab,53.05,38.19,4.51,1.54,2.71,0,0,0
Basildon and Billericay,Basildon & Billericay,E14001077,33,EE,England,Borough,9.7,60.9,76993,46853,20749,44.29,Con,Lab,65.88,21.6,8.42,2.98,0,0,0,1.12
South Basildon and East Thurrock,Basildon South & East Thurrock,E14001480,34,EE,England,County,20.7,61,73322,44729,18731,41.88,Con,Lab,65.44,23.56,4.1,0.15,0,0,0,6.74
Basingstoke,Basingstoke,E14001078,35,SE,England,Borough,21.1,66.4,77050,51181,12301,24.03,Con,Lab,52.69,28.65,13.28,3.92,0,0,0,1.46
Bassetlaw,Bassetlaw,E14001079,36,EM,England,County,4.3,62.9,75773,47677,12588,26.4,Con,Lab,54.41,28.01,6.73,0,10.85,0,0,0
Bath,Bath,E14001080,37,SW,England,County,8.5,77.7,73241,56876,12125,21.32,LD,Con,32.09,12.52,53.41,0.26,1.13,0,0,0.6
Bathgate and Linlithgow,Bathgate & Linlithgow,S14000068,38,SC,Scotland,County,37.3,65.9,71650,47217,8671,18.36,SNP,Con,24.64,18.79,8.22,2.18,1.91,43.01,0,1.25
Battersea,Battersea,E14001081,39,GL,England,Borough,9.3,76.3,71949,54918,6026,10.97,Lab,Con,35.38,46.35,15.14,2.48,0.64,0,0,0
Beaconsfield,Beaconsfield,E14001082,40,SE,England,County,7.9,72.8,72315,52633,13772,26.17,Con,Other,55.5,9.9,0,3.68,0,0,0,30.92
Beckenham and Penge,Beckenham & Penge,E14001083,41,GL,England,Borough,84,78.5,76625,60142,631,1.05,Lab,Con,39.05,40.1,16.06,4.02,0.77,0,0,0
Bedford,Bedford,E14001084,42,EE,England,Borough,3.3,66.5,70068,46603,1113,2.39,Lab,Con,41.95,44.34,10.03,1.98,1.7,0,0,0
Mid Bedfordshire,Bedfordshire Mid,E14001359,43,EE,England,County,19.3,71.5,71748,51325,20509,39.96,Con,Lab,60.47,20.51,12.51,3.89,0,0,0,2.63
North Bedfordshire,Bedfordshire North,E14001384,44,EE,England,County,28.2,73.6,76319,"56,202","23,631",42.05,Con,Lab,61.14,19.09,13.17,2.82,0.18,0,0,3.6
Belfast East,Belfast East,N05000001,45,NI,Northern Ireland,Borough,14.8,64.4,70076,45126,2626,5.82,DUP,All,0,,,0,,,,0
Belfast North,Belfast North,N05000002,46,NI,Northern Ireland,Borough,14.4,67.4,71372,48140,3739,7.77,SF,DUP,0.01,,,0,,,,0.12
Belfast South and Mid Down,Belfast South & Mid Down,N05000003,47,NI,Northern Ireland,Borough,22.3,66.2,71978,47669,13322,27.95,SDLP,DUP,0.35,,,0.15,,,,1.19
Belfast West,Belfast West,N05000004,48,NI,Northern Ireland,Borough,17.5,59.6,71921,42899,12997,30.3,SF,DUP,0.1,,,0,,,,14.12
Bermondsey and Old Southwark,Bermondsey & Old Southwark,E14001085,49,GL,England,Borough,25.3,65,70602,45885,8515,18.56,Lab,LD,16.8,49.64,31.08,0.05,2.43,0,0,0
"Berwickshire, Roxburgh and Selkirk","Berwickshire, Roxburgh & Selkirk",S14000008,50,SC,Scotland,County,none,71.2,74687,53146,5148,9.69,Con,SNP,48.45,4.73,8.07,0,0,38.76,0,0
Bethnal Green and Stepney,Bethnal Green & Stepney,E14001086,51,GL,England,Borough,35.8,64.9,77000,49951,31655,63.37,Lab,Con,10.14,73.51,9.28,4.21,1.99,0,0,0.88
Beverley and Holderness,Beverley & Holderness,E14001087,52,YH,England,County,10.6,69.6,71102,49483,17976,36.33,Con,Lab,60.99,24.66,9.25,2.49,0,0,0,2.6
Bexhill and Battle,Bexhill & Battle,E14001088,53,SE,England,County,26.1,70.2,70869,49737,20384,40.98,Con,Lab,61.76,20.77,13.39,4.08,0,0,0,0
Bexleyheath and Crayford,Bexleyheath & Crayford,E14001089,54,GL,England,Borough,33.1,67.6,69948,47300,15038,31.79,Con,Lab,60.78,28.99,5.99,2.26,0.88,0,0,1.1
Bicester and Woodstock,Bicester & Woodstock,E14001090,55,SE,England,County,99.7,73.9,70389,51991,14205,27.32,Con,LD,53.91,16.85,26.59,2.36,0.29,0,0,0
Birkenhead,Birkenhead,E14001091,56,NW,England,Borough,18.7,67.9,76271,51762,22993,44.42,Lab,Con,15.58,60,3.98,3,3.37,0,0,14.07
Birmingham Edgbaston,Birmingham Edgbaston,E14001092,57,WM,England,Borough,13.6,63.9,71354,45599,7691,16.87,Lab,Con,35.45,52.32,7.25,2.57,2.4,0,0,0
Birmingham Erdington,Birmingham Erdington,E14001093,58,WM,England,Borough,18.4,54,76856,41499,3305,7.96,Lab,Con,41.48,49.44,3.25,1.8,4.03,0,0,0
Birmingham Hall Green and Moseley,Birmingham Hall Green & Moseley,E14001094,59,WM,England,Borough,15.8,68.3,75781,51739,26507,51.23,Lab,Con,15.02,66.25,7.16,1.68,1.93,0,0,7.96
Birmingham Hodge Hill and Solihull North,Birmingham Hodge Hill & Solihull North,E14001095,60,WM,England,Borough,73.6,53.7,76922,41294,12951,31.36,Lab,Con,28.56,59.92,4.33,3.49,3.08,0,0,0.62
Birmingham Ladywood,Birmingham Ladywood,E14001096,61,WM,England,Borough,64.6,58.2,76585,44535,32583,73.16,Lab,Con,9.84,83,2.77,1.85,2.2,0,0,0.35
Birmingham Northfield,Birmingham Northfield,E14001097,62,WM,England,Borough,3,59.5,73483,43692,1478,3.38,Con,Lab,46.08,42.7,4.61,2.22,3.8,0,0,0.58
Birmingham Perry Barr,Birmingham Perry Barr,E14001098,63,WM,England,Borough,37.9,63.4,74048,46915,22325,47.59,Lab,Con,20.42,68.01,6.53,1.88,2.84,0,0,0.32
Birmingham Selly Oak,Birmingham Selly Oak,E14001099,64,WM,England,Borough,5.8,63.4,76285,48347,11645,24.09,Lab,Con,31.63,55.71,6.24,3.69,2.73,0,0,0
Birmingham Yardley,Birmingham Yardley,E14001100,65,WM,England,Borough,32,58.3,71912,41906,13141,31.36,Lab,Con,26.75,58.1,8.93,1.2,5.02,0,0,0
Bishop Auckland,Bishop Auckland,E14001101,66,NE,England,County,52.9,69.9,70879,49511,8113,16.39,Con,Lab,53,36.61,3.6,0.61,5.53,0,0,0.66
Blackburn,Blackburn,E14001102,67,NW,England,Borough,3.1,61.8,70586,43645,18616,42.65,Lab,Con,23.33,65.98,2.42,1.6,5.93,0,0,0.73
Blackley and Middleton South,Blackley & Middleton South,E14001103,68,NW,England,Borough,75.7,52.6,71375,37548,11558,30.78,Lab,Con,28.23,59.01,3.01,2.03,7.72,0,0,0
Blackpool North and Fleetwood,Blackpool North & Fleetwood,E14001104,69,NW,England,Borough,80.1,66.4,75396,50048,10119,20.22,Con,Lab,55.84,35.62,4.04,1.91,1.71,0,0,0.89
Blackpool South,Blackpool South,E14001105,70,NW,England,Borough,33.7,55.8,76071,42414,3700,8.72,Con,Lab,48.84,40.12,3.53,1.91,4.74,0,0,0.87
Blaenau Gwent and Rhymney,Blaenau Gwent & Rhymney,W07000084,71,WA,Wales,County,39.6,59.2,71079,42094,12969,30.81,Lab,Con,19.59,50.4,3.74,0.99,17.99,0,6.38,0.9
Blaydon and Consett,Blaydon & Consett,E14001106,72,NE,England,County,99.2,66.9,70163,46965,4285,9.12,Lab,Con,34.86,43.98,4.57,3.03,9.7,0,0,3.87
Blyth and Ashington,Blyth & Ashington,E14001107,73,NE,England,County,72.1,57,75452,42990,6118,14.23,Lab,Con,33.45,47.69,6.42,2.9,9.12,0,0,0.41
Bognor Regis and Littlehampton,Bognor Regis & Littlehampton,E14001108,74,SE,England,Borough,29.8,68.2,76985,52510,22682,43.2,Con,Lab,62.17,18.97,13.29,3.26,0,0,0,2.31
Bolsover,Bolsover,E14001109,75,EM,England,County,0.8,61.2,74680,45676,5273,11.54,Con,Lab,47.71,36.17,3.81,1.57,8.58,0,0,2.16
Bolton North East,Bolton North East,E14001110,76,NW,England,Borough,14.4,64.7,77020,49844,1278,2.56,Con,Lab,45.01,42.45,4.39,1.61,6.54,0,0,0
Bolton South and Walkden,Bolton South & Walkden,E14001111,77,NW,England,Borough,66.5,58.1,75716,43984,10929,24.85,Lab,Con,31.74,56.59,3.85,2.45,5.37,0,0,0
Bolton West,Bolton West,E14001112,78,NW,England,County,28.6,69.1,72125,49868,10619,21.29,Con,Lab,56.54,35.25,5.64,1.79,0.77,0,0,0
Bootle,Bootle,E14001113,79,NW,England,Borough,none,65.4,75194,49174,34556,70.27,Lab,Con,9.17,79.44,3.71,2.37,5.31,0,0,0
Boston and Skegness,Boston & Skegness,E14001114,80,EM,England,County,9.2,59.4,75806,45018,27402,60.87,Con,Lab,76.43,15.56,4.84,0,0,0,0,3.17
Bournemouth East,Bournemouth East,E14001115,81,SW,England,Borough,0.1,67.4,73173,49328,8817,17.87,Con,Lab,50.59,32.72,10.98,4.16,0,0,0,1.54
Bournemouth West,Bournemouth West,E14001116,82,SW,England,Borough,7.6,63.5,72094,45752,9941,21.73,Con,Lab,53.58,31.85,10.06,4.52,0,0,0,0
Bracknell,Bracknell,E14001117,83,SE,England,Borough,26.4,66.7,70247,46888,14129,30.13,Con,Lab,55.5,25.36,13.98,3.98,0,0,0,1.18
Bradford East,Bradford East,E14001118,84,YH,England,Borough,2.1,59.6,72150,43036,17761,41.27,Lab,Con,21.71,62.98,7.67,1.48,6.15,0,0,0
Bradford South,Bradford South,E14001119,85,YH,England,Borough,2.3,57.7,70890,40889,2729,6.67,Lab,Con,40.06,46.74,3.71,2.46,7.02,0,0,0
Bradford West,Bradford West,E14001120,86,YH,England,Borough,none,62.1,71258,44261,27019,61.04,Lab,Con,15.18,76.22,3.05,1.84,3.52,0,0,0.2
Braintree,Braintree,E14001121,87,EE,England,County,18.2,68.3,75662,51675,25466,49.28,Con,Lab,67.47,18.18,9.7,0.45,0,0,0,4.2
"Brecon, Radnor and Cwm Tawe","Brecon, Radnor & Cwm Tawe",W07000085,88,WA,Wales,County,33.9,72.5,72113,52276,9091,17.39,Con,LD,46.61,17.53,29.22,0.42,1.84,0,3.24,1.13
Brent East,Brent East,E14001122,89,GL,England,Borough,53.7,58,75880,44017,17756,40.34,Lab,Con,23.5,63.84,9.02,3.24,0.4,0,0,0
Brent West,Brent West,E14001123,90,GL,England,Borough,44.7,63.3,76463,48407,9431,19.48,Lab,Con,33.8,53.28,9.11,1.71,1.55,0,0,0.56
Brentford and Isleworth,Brentford & Isleworth,E14001124,91,GL,England,Borough,44.6,67.6,76354,51615,11369,22.03,Lab,Con,28.3,50.33,16.32,2.98,2.06,0,0,0
Brentwood and Ongar,Brentwood & Ongar,E14001125,92,EE,England,County,0.2,70.5,74937,52816,28974,54.86,Con,Lab,68.54,13.69,13.59,3.17,0,0,0,1.01
Bridgend,Bridgend,W07000086,93,WA,Wales,County,46.2,66,70770,46708,2553,5.47,Con,Lab,43.96,38.49,5.25,1.86,5.22,0,5.23,0
Bridgwater,Bridgwater,E14001126,94,SW,England,County,60.5,63,71418,45004,16724,37.16,Con,Lab,57.9,20.74,17.63,2.06,0,0,0,1.68
Bridlington and the Wolds,Bridlington & the Wolds,E14001127,95,YH,England,County,31.1,64.1,72501,46440,21685,46.69,Con,Lab,66.57,19.88,7.49,2.85,0,0,0,3.21
Brigg and Immingham,Brigg & Immingham,E14001128,96,YH,England,County,65.8,66,71628,47245,24444,51.74,Con,Lab,71.94,20.2,4.38,2.78,0.7,0,0,0
Brighton Kemptown and Peacehaven,Brighton Kemptown & Peacehaven,E14001129,97,SE,England,Borough,1.6,70.8,69865,49430,8280,16.75,Lab,Con,34.43,51.18,6,5.69,2.7,0,0,0
Brighton Pavilion,Brighton Pavilion,E14001130,98,SE,England,Borough,1.5,75.4,75722,57101,19630,34.38,Green,Lab,17.74,22.67,0,57.05,1.33,0,0,1.21
Bristol Central,Bristol Central,E14001131,99,SW,England,Borough,29.7,73.2,70227,51427,16696,32.47,Lab,Green,14.34,58.48,0,26.02,1.15,0,0,0
Bristol East,Bristol East,E14001132,100,SW,England,Borough,79.7,72.8,75936,55286,19393,35.08,Lab,Con,23.31,58.39,6.95,8.44,2.92,0,0,0
Bristol North East,Bristol North East,E14001133,101,SW,England,Borough,116.4,70.1,69793,48905,5464,11.17,Lab,Con,39.12,50.3,5.1,3.98,1.49,0,0,0
Bristol North West,Bristol North West,E14001134,102,SW,England,Borough,23.7,76.1,76783,58405,7235,12.39,Lab,Con,36.49,48.88,8.11,6.38,0.14,0,0,0
Bristol South,Bristol South,E14001135,103,SW,England,Borough,11.7,64.6,74696,48268,9077,18.81,Lab,Con,32.82,51.62,6.24,5.07,4.26,0,0,0
Broadland and Fakenham,Broadland & Fakenham,E14001136,104,EE,England,County,6.7,72.4,72907,52814,19825,37.54,Con,Lab,59.15,21.61,16.06,2.5,0,0,0,0.69
Bromley and Biggin Hill,Bromley & Biggin Hill,E14001137,105,GL,England,Borough,98.3,69.7,70418,49058,14380,29.31,Con,Lab,54.45,25.13,15.98,3.68,0,0,0,0.76
Bromsgrove,Bromsgrove,E14001138,106,WM,England,Borough,none,72.1,75305,54272,23106,42.57,Con,Lab,63.4,20.82,12.49,3.29,0,0,0,0
Broxbourne,Broxbourne,E14001139,107,EE,England,County,15.3,63.2,75454,47675,19192,40.26,Con,Lab,64.24,23.99,9,2.77,0,0,0,0
Broxtowe,Broxtowe,E14001140,108,EM,England,County,33,73.6,72461,53321,3819,7.16,Con,Lab,45.17,38,0.51,3.01,0.68,0,0,12.63
Buckingham and Bletchley,Buckingham & Bletchley,E14001141,109,SE,England,County,91.5,71.4,73644,52609,13345,25.37,Con,Lab,53.06,27.69,15.43,1.2,0.97,0,0,1.66
Mid Buckinghamshire,Buckinghamshire Mid,E14001360,110,SE,England,County,114.3,75.1,72240,54223,22648,41.77,Con,LD,61.45,15.28,19.68,2.72,0.86,0,0,0
Burnley,Burnley,E14001142,111,NW,England,County,16.1,62.4,75436,47102,127,0.27,Con,Lab,40.46,40.19,7.67,1.8,7.14,0,0,2.75
Burton and Uttoxeter,Burton & Uttoxeter,E14001143,112,WM,England,Borough,none,64.6,75460,48738,14496,29.74,Con,Lab,60.65,30.91,5.5,2.94,0,0,0,0
Bury North,Bury North,E14001144,113,NW,England,Borough,12.6,69.4,77009,53470,1282,2.4,Con,Lab,47.29,44.89,3.07,1.76,2.7,0,0,0.3
Bury South,Bury South,E14001145,114,NW,England,Borough,23.2,66.5,74598,49634,935,1.88,Con,Lab,43.47,41.58,6.16,1.81,3.72,0,0,3.25
Bury St Edmunds and Stowmarket,Bury St Edmunds & Stowmarket,E14001146,115,EE,England,County,33.2,69.4,75655,52481,22085,42.08,Con,Lab,62.92,20.84,1.08,12.42,0,0,0,2.73
Caerfyrddin,Caerfyrddin,W07000087,116,WA,Wales,County,57.6,73.4,72683,53342,4529,8.49,Con,PC,39.16,25.08,1.29,0,3.79,0,30.67,0
Caerphilly,Caerphilly,W07000088,117,WA,Wales,County,30.8,62.2,72458,45069,6901,15.31,Lab,Con,28.58,43.89,0.72,0.36,11.73,0,14.71,0
"Caithness, Sutherland and Easter Ross","Caithness, Sutherland & Easter Ross",S14000069,118,SC,Scotland,County,60.2,70.1,75173,52720,2788,5.29,SNP,LD,17.33,5.31,33.59,0.64,2.86,38.88,0,1.38
Calder Valley,Calder Valley,E14001147,119,YH,England,County,3.6,74.3,75987,56454,5107,9.05,Con,Lab,51.35,42.31,5.06,0,0,0,0,1.28
Camborne and Redruth,Camborne & Redruth,E14001148,120,SW,England,County,19.6,70.1,73568,51581,9848,19.09,Con,Lab,53.26,34.17,8.47,2.79,0,0,0,1.31
Cambridge,Cambridge,E14001149,121,EE,England,Borough,7.6,68.6,72560,49740,8099,16.28,Lab,LD,14.76,47.45,31.16,4.16,1.93,0,0,0.54
North East Cambridgeshire,Cambridgeshire North East,E14001390,122,EE,England,County,15.7,63,70806,44584,25779,57.82,Con,Lab,73.87,16.05,6.71,3.37,0,0,0,0
North West Cambridgeshire,Cambridgeshire North West,E14001401,123,EE,England,County,25.1,63.9,73556,47032,17032,36.21,Con,Lab,59.96,23.75,11,5.24,0.05,0,0,0
South Cambridgeshire,Cambridgeshire South,E14001481,124,EE,England,County,62.2,79.6,75484,60078,1498,2.49,Con,LD,43.53,15.13,41.04,0.16,0.14,0,0,0
Cannock Chase,Cannock Chase,E14001150,125,WM,England,Borough,none,61.3,75582,46313,19879,42.92,Con,Lab,68.31,25.39,0,6.3,0,0,0,0
Canterbury,Canterbury,E14001151,126,SE,England,County,5.7,75.7,75499,57166,2160,3.78,Lab,Con,44.82,48.6,5.7,0,0,0,0,0.88
Cardiff East,Cardiff East,W07000089,127,WA,Wales,Borough,63.9,64.6,72463,"46,781","17,079",36.51,Lab,Con,22.7143,59.22,12.3,0.64,3.46,0,0.63,1.04
Cardiff North,Cardiff North,W07000090,128,WA,Wales,Borough,4.3,76.9,71143,54709,7579,13.85,Lab,Con,35.74,49.59,6.55,1.5,2.65,0,3.45,0.53
Cardiff South and Penarth,Cardiff South & Penarth,W07000091,129,WA,Wales,County,57.4,69.7,72269,50370,11851,23.53,Lab,Con,30.14,53.66,7,2.29,2.76,0,4.15,0
Cardiff West,Cardiff West,W07000092,130,WA,Wales,Borough,8.9,70.2,73947,51941,10546,20.3,Lab,Con,29.85,50.15,5.29,2.2,3.69,0,8.51,0.31
Carlisle,Carlisle,E14001152,131,NW,England,County,36.7,67.5,75868,51240,11290,22.03,Con,Lab,56.52,34.48,5,1.61,0,0,0,2.4
Carshalton and Wallington,Carshalton & Wallington,E14001153,132,GL,England,Borough,none,67.5,72755,49098,629,1.28,Con,LD,42.41,12.39,41.13,1.55,2.12,0,0,0.41
Castle Point,Castle Point,E14001154,133,EE,England,Borough,2.3,63.8,70923,45217,27009,59.73,Con,Lab,76.54,16.81,6.64,0,0,0,0,0
Ceredigion Preseli,Ceredigion Preseli,W07000093,134,WA,Wales,County,31.9,69.8,74063,51667,1443,2.79,PC,Con,28.26,20.77,14.63,1.28,3.99,0,31.05,0
Chatham and Aylesford,Chatham & Aylesford,E14001157,135,SE,England,County,25.1,61.2,74840,45809,18992,41.46,Con,Lab,65.89,24.43,6.73,2.48,0,0,0,0.46
Cheadle,Cheadle,E14001158,136,NW,England,Borough,none,75.8,73775,55903,2336,4.18,Con,LD,45.96,12.26,41.78,0,0,0,0,0
Chelmsford,Chelmsford,E14001159,137,EE,England,Borough,5.4,70.4,76454,53826,15416,28.64,Con,LD,54.71,18.15,26.07,0,0,0,0,1.08
Chelsea and Fulham,Chelsea & Fulham,E14001160,138,GL,England,Borough,26.7,71.6,76481,54781,8993,16.42,Con,Lab,45.47,29.05,23.83,0.42,0.32,0,0,0.91
Cheltenham,Cheltenham,E14001161,139,SW,England,Borough,5.9,75.5,75292,56883,1421,2.5,Con,LD,48.46,4.8,45.96,0,0,0,0,0.78
Chesham and Amersham,Chesham & Amersham,E14001162,140,SE,England,County,36,72.4,74155,53711,18216,33.91,Con,LD,56.35,13.91,22.43,4.84,0,0,0,2.47
Mid Cheshire,Cheshire Mid,E14001361,141,NW,England,County,116,67.2,69775,46907,2494,5.32,Con,Lab,46.95,41.63,8.39,1.96,1.07,0,0,0
Chester North and Neston,Chester North & Neston,E14001163,142,NW,England,County,48.7,74.6,72327,53924,6391,11.85,Lab,Con,38.47,50.32,6.19,2.23,2.79,0,0,0
Chester South and Eddisbury,Chester South & Eddisbury,E14001164,143,NW,England,County,83.6,76.7,71975,55209,20826,37.72,Con,Lab,59.23,21.51,15.3,2.11,1.03,0,0,0.82
Chesterfield,Chesterfield,E14001165,144,EM,England,Borough,none,63.9,70722,45186,1451,3.21,Lab,Con,37,40.21,8.82,2.54,10.56,0,0,0.87
Chichester,Chichester,E14001166,145,SE,England,County,38.2,66.5,76765,51022,19622,38.46,Con,LD,58.76,15.39,20.3,4.9,0,0,0,0.65
Chingford and Woodford Green,Chingford & Woodford Green,E14001167,146,GL,England,Borough,22.3,72.2,75677,54606,1604,2.94,Con,Lab,48.2,45.27,5.85,0.39,0.29,0,0,0
Chippenham,Chippenham,E14001168,147,SW,England,County,96,70.5,71648,50519,13200,26.13,Con,LD,56.38,11.67,30.26,1.69,0,0,0,0
Chipping Barnet,Chipping Barnet,E14001169,148,GL,England,Borough,43.3,76.7,76187,58422,4209,7.2,Con,Lab,47.55,40.34,9.83,2.16,0,0,0,0.12
Chorley,Chorley,E14001170,149,NW,England,County,4.4,53.5,74568,39870,17392,43.62,Spkr,Other,0,0,0,9.03,0,0,0,90.97
Christchurch,Christchurch,E14001171,150,SW,England,County,3,72.5,71598,51890,25034,48.24,Con,LD,65.59,12.87,17.35,4.19,0,0,0,0
Cities of London and Westminster,Cities of London & Westminster,E14001172,151,GL,England,Borough,32.6,71.3,73140,52116,5976,11.47,Con,Lab,40.33,28.87,28.23,1.94,0.2,0,0,0.43
Clacton,Clacton,E14001174,152,EE,England,County,7.9,60.1,75959,45669,25717,56.31,Con,Lab,71.88,15.56,6.19,2.94,0,0,0,3.43
Clapham and Brixton Hill,Clapham & Brixton Hill,E14001175,153,GL,England,Borough,91.6,64.4,75460,"48,632","17,291",35.55,Lab,LD,19.5,55.36,19.81,4.21,1.13,0,0,0
Clwyd East,Clwyd East,W07000094,154,WA,Wales,County,85.9,69.1,76395,52820,5284,10,Con,Lab,47.94,37.94,5.34,0,4.11,0,4.66,0
Clwyd North,Clwyd North,W07000095,155,WA,Wales,County,92.2,67.4,76150,51289,2834,5.53,Con,Lab,45.78,40.25,4.88,0,1.85,0,7.24,0
Coatbridge and Bellshill,Coatbridge & Bellshill,S14000070,156,SC,Scotland,Borough,26.4,63.3,72507,45896,5084,11.08,SNP,Lab,11.86,36.27,3,1.53,0,47.35,0,0
Colchester,Colchester,E14001176,157,EE,England,Borough,8.8,63.9,76843,49091,10940,22.29,Con,Lab,52.34,30.05,14.68,2.93,0,0,0,0
Colne Valley,Colne Valley,E14001177,158,YH,England,County,15.6,72.4,71518,51765,7761,14.99,Con,Lab,51.23,36.23,7.01,1.73,2.1,0,0,1.7
Congleton,Congleton,E14001178,159,NW,England,County,14.1,71.3,69836,49813,18203,36.54,Con,Lab,60.64,24.1,11.08,2.86,0,0,0,1.32
Corby and East Northamptonshire,Corby & East Northamptonshire,E14001179,160,EM,England,County,10.7,70.2,76748,53890,8676,16.1,Con,Lab,54.64,38.54,6.83,0,0,0,0,0
North Cornwall,Cornwall North,E14001385,161,SW,England,County,6.7,72.1,75034,54077,15783,29.19,Con,LD,59.07,9.62,29.88,0.19,0,0,0,1.25
South East Cornwall,Cornwall South East,E14001486,162,SW,England,County,0.7,72.8,71734,52247,20225,38.71,Con,Lab,59.03,20.32,16.31,2.69,0,0,0,1.66
North Cotswolds,Cotswolds North,E14001386,163,SW,England,County,97.7,71.6,70915,"50,793","20,997",41.34,Con,LD,59.34,16.52,18,5.8,0.34,0,0,0
South Cotswolds,Cotswolds South,E14001482,164,SW,England,County,90.4,73,72865,53189,16092,30.25,Con,LD,57.9,10.66,27.65,3.79,0,0,0,0
Coventry East,Coventry East,E14001180,165,WM,England,Borough,34.5,58.2,73389,42684,7288,17.07,Lab,Con,35.02,52.1,5.4,2.33,5.14,0,0,0
Coventry North West,Coventry North West,E14001181,166,WM,England,Borough,none,65,73431,47744,208,0.44,Lab,Con,43.38,43.81,5.69,3.02,4.1,0,0,0
Coventry South,Coventry South,E14001182,167,WM,England,Borough,37.6,65.9,70998,"46,805",808,1.73,Lab,Con,42.54,44.27,6.73,2.65,2.88,0,0,0.93
Cowdenbeath and Kirkcaldy,Cowdenbeath & Kirkcaldy,S14000071,168,SC,Scotland,County,36.1,67,70329,47148,3220,6.83,SNP,Lab,22.23,29.49,6.46,3.51,1.99,36.32,0,0
Cramlington and Killingworth,Cramlington & Killingworth,E14001183,169,NE,England,County,102.8,65.6,73295,48072,2157,4.49,Lab,Con,39.89,44.37,5.24,2.48,8.02,0,0,0
Crawley,Crawley,E14001184,170,SE,England,Borough,none,67,74446,49899,8360,16.75,Con,Lab,54.19,37.44,5.47,2.91,0,0,0,0
Crewe and Nantwich,Crewe & Nantwich,E14001185,171,NW,England,County,6.2,65.8,76236,50196,5816,11.59,Con,Lab,50.82,39.24,5.13,1.89,2.62,0,0,0.3
Croydon East,Croydon East,E14001186,172,GL,England,Borough,26.8,67.2,75346,50622,3413,6.74,Lab,Con,41.34,48.08,6.6,2.33,1.65,0,0,0
Croydon South,Croydon South,E14001187,173,GL,England,Borough,27.2,71.1,71541,50894,13408,26.34,Con,Lab,54.48,28.13,13.53,2.88,0.12,0,0,0.87
Croydon West,Croydon West,E14001188,174,GL,England,Borough,62.6,62.8,70812,44449,20090,45.2,Lab,Con,21.51,66.71,6.97,2.71,1.32,0,0,0.78
Cumbernauld and Kirkintilloch,Cumbernauld & Kirkintilloch,S14000072,175,SC,Scotland,County,28.1,68.3,70579,48212,12005,24.9,SNP,Lab,15.02,27.13,5.58,0.24,0,52.03,0,0
Dagenham and Rainham,Dagenham & Rainham,E14001189,176,GL,England,Borough,23,59.7,73627,43992,706,1.6,Lab,Con,43.12,44.73,3.04,1.53,6.62,0,0,0.96
Darlington,Darlington,E14001190,177,NE,England,County,5.6,65.7,70446,46301,4968,10.73,Con,Lab,49.66,38.93,4.62,2.52,3.64,0,0,0.63
Dartford,Dartford,E14001191,178,SE,England,County,13.2,64.5,72048,46488,14704,31.63,Con,Lab,61.12,29.49,6.99,2.4,0,0,0,0
Daventry,Daventry,E14001192,179,EM,England,County,17.4,74.4,76539,56956,26612,46.72,Con,Lab,64.5,17.77,13.12,4.61,0,0,0,0
Derby North,Derby North,E14001193,180,EM,England,Borough,none,65.4,71876,47017,2540,5.4,Con,Lab,45.22,39.81,7.34,2.22,4.06,0,0,1.35
Derby South,Derby South,E14001194,181,EM,England,Borough,none,58.9,72067,42462,6019,14.18,Lab,Con,36.91,51.08,6.17,0,5.84,0,0,0
Derbyshire Dales,Derbyshire Dales,E14001195,182,EM,England,County,19.1,75.5,71435,53930,18797,34.85,Con,Lab,59,24.15,12.76,4.09,0,0,0,0
Mid Derbyshire,Derbyshire Mid,E14001362,183,EM,England,County,4.8,73.6,70085,51582,16816,32.6,Con,Lab,59.56,26.96,9.62,3.86,0,0,0,0
North East Derbyshire,Derbyshire North East,E14001391,184,EM,England,County,0.9,68.4,72344,49479,12902,26.08,Con,Lab,58.4,32.32,6.14,2.67,0.47,0,0,0
South Derbyshire,Derbyshire South,E14001483,185,EM,England,County,11.6,66.3,71202,47199,16483,34.92,Con,Lab,62.12,27.2,7.34,3.35,0,0,0,0
Central Devon,Devon Central,E14001155,186,SW,England,County,2.8,77.2,73491,56724,17300,30.5,Con,Lab,55.3,24.8,14.99,4.92,0,0,0,0
North Devon,Devon North,E14001387,187,SW,England,County,none,72.7,76455,55581,14813,26.65,Con,LD,56.64,9.17,29.99,3.16,0,0,0,1.04
South Devon,Devon South,E14001484,188,SW,England,County,6.3,75.6,71691,54189,13719,25.32,Con,LD,53.57,17.03,28.25,0.15,0,0,0,1
South West Devon,Devon South West,E14001495,189,SW,England,County,12.7,74.4,75371,56100,23090,41.16,Con,Lab,62.57,21.41,12.13,3.88,0,0,0,0
Dewsbury and Batley,Dewsbury & Batley,E14001196,190,YH,England,Borough,79.6,65.6,70226,46101,14009,30.39,Lab,Con,28.7,59.09,2.51,1.11,3.39,0,0,5.2
Didcot and Wantage,Didcot & Wantage,E14001197,191,SE,England,County,23.8,73.1,74356,54346,10023,18.44,Con,LD,49.76,16.02,31.32,0.68,0,0,0,2.21
Doncaster Central,Doncaster Central,E14001198,192,YH,England,County,13.5,61.4,75007,46043,1271,2.76,Lab,Con,36.6,39.36,4.09,2.25,15.58,0,0,2.11
Doncaster East and the Isle of Axholme,Doncaster East & the Isle of Axholme,E14001199,193,YH,England,County,65.2,61.4,70113,43084,10085,23.41,Con,Lab,52.13,28.72,4.44,2.36,10.33,0,0,2.02
Doncaster North,Doncaster North,E14001200,194,YH,England,County,8.9,55.9,71739,40070,2070,5.17,Lab,Con,33.16,38.32,3.61,0.04,20.34,0,0,4.52
Dorking and Horley,Dorking & Horley,E14001201,195,SE,England,County,67,77.5,70317,"54,495","10,381",19.05,Con,LD,51.17,9.94,32.12,4.22,0,0,0,2.56
Mid Dorset and North Poole,Dorset Mid & North Poole,E14001363,196,SW,England,County,13.6,73.9,74305,54907,16570,30.18,Con,LD,60.04,7.25,29.86,2.85,0,0,0,0
North Dorset,Dorset North,E14001388,197,SW,England,County,9.6,74.1,72109,53464,23195,43.38,Con,LD,63.75,11.93,20.37,3.95,0,0,0,0
South Dorset,Dorset South,E14001485,198,SW,England,County,8.5,68.8,76640,52719,18147,34.42,Con,Lab,59.2,24.78,10.68,4.43,0,0,0,0.92
West Dorset,Dorset West,E14001575,199,SW,England,County,9,76.7,75390,57813,12388,21.43,Con,LD,54.27,9.36,32.84,3.52,0,0,0,0
Dover and Deal,Dover & Deal,E14001202,200,SE,England,County,0.8,67.5,75855,51197,12421,24.26,Con,Lab,56.87,32.61,5.72,2.74,0,0,0,2.06
Droitwich and Evesham,Droitwich & Evesham,E14001203,201,WM,England,Borough,5.6,70.9,74345,52689,25631,48.65,Con,Lab,65.69,17.05,12.03,4.01,0,0,0,1.21
Dudley,Dudley,E14001204,202,WM,England,Borough,15.9,59.4,71083,42224,13609,32.23,Con,Lab,63.16,30.93,3.79,2.12,0,0,0,0
Dulwich and West Norwood,Dulwich & West Norwood,E14001205,203,GL,England,Borough,24.6,70.2,74314,52194,24963,47.83,Lab,Con,16.64,64.47,0.96,16.24,1.08,0,0,0.6
Dumfries and Galloway,Dumfries & Galloway,S14000073,204,SC,Scotland,County,5.3,68.3,76863,52500,1556,2.96,Con,SNP,43.81,9.38,5.97,0,0,40.84,0,0
"Dumfriesshire, Clydesdale and Tweeddale","Dumfriesshire, Clydesdale & Tweeddale",S14000074,205,SC,Scotland,County,10.7,72,70738,50896,4338,8.52,Con,SNP,46.47,8.3,7.3,0,0,37.94,0,0
Mid Dunbartonshire,Dunbartonshire Mid,S14000097,206,SC,Scotland,County,11.3,78,75099,58552,1986,3.39,SNP,LD,15.57,9.43,34.49,1.56,0,37.88,0,1.07
West Dunbartonshire,Dunbartonshire West,S14000106,207,SC,Scotland,County,3.7,66.3,70286,46615,9841,21.11,SNP,Lab,14.17,28.58,4.18,1.86,0,49.69,0,1.52
Dundee Central,Dundee Central,S14000075,208,SC,Scotland,Borough,27.7,62,75298,46651,15221,32.63,SNP,Lab,11.06,23.85,5.54,0,2.55,56.48,0,0.51
Dunfermline and Dollar,Dunfermline & Dollar,S14000076,209,SC,Scotland,County,17.1,68.7,70725,48619,10073,20.72,SNP,Lab,21.45,23.58,8.44,2.23,0,44.3,0,0
Dunstable and Leighton Buzzard,Dunstable & Leighton Buzzard,E14001206,210,EE,England,County,7.4,65.2,74069,48270,15386,31.87,Con,Lab,58.71,26.84,10.79,3.65,0,0,0,0
City of Durham,"Durham, City of",E14001173,211,NE,England,County,30.7,70.4,72878,51289,4657,9.08,Lab,Con,31.86,40.94,16.94,3.29,6.59,0,0,0.38
North Durham,Durham North,E14001389,212,NE,England,County,9.1,65.4,73079,47798,4424,9.26,Lab,Con,34.43,43.69,6.36,2.61,10.68,0,0,2.22
Dwyfor Meirionnydd,Dwyfor Meirionnydd,W07000096,213,WA,Wales,County,62.7,69.6,72533,50518,9880,19.56,PC,Con,26.19,22.85,0.16,0,5.06,0,45.75,0
Ealing Central and Acton,Ealing Central & Acton,E14001207,214,GL,England,Borough,26.3,70.3,75399,52985,14133,26.67,Lab,Con,25.62,52.29,17.35,3.38,1.36,0,0,0
Ealing North,Ealing North,E14001208,215,GL,England,Borough,1.9,66.8,72985,48764,11908,24.42,Lab,Con,31.9,56.32,8.84,2.94,0,0,0,0
Ealing Southall,Ealing Southall,E14001209,216,GL,England,Borough,16.9,67.9,75085,50998,18266,35.82,Lab,Con,23.93,59.75,9.79,3.78,1.85,0,0,0.9
Earley and Woodley,Earley & Woodley,E14001210,217,SE,England,Borough,113,72.9,70083,51110,11293,22.1,Con,Lab,48.76,26.67,21.81,2.22,0.54,0,0,0
Easington,Easington,E14001211,218,NE,England,County,14.2,56.9,70043,39848,7852,19.7,Lab,Con,27.06,46.76,4.14,0.26,18.14,0,0,3.63
East Grinstead and Uckfield,East Grinstead & Uckfield,E14001212,219,SE,England,County,124.4,79.1,72356,57231,20291,35.45,Con,LD,58.47,13.57,23.01,4.94,0,0,0,0
East Ham,East Ham,E14001213,220,GL,England,Borough,19.7,66.6,70902,47247,29863,63.21,Lab,Con,14.57,77.78,3.57,1.6,1.96,0,0,0.53
East Kilbride and Strathaven,East Kilbride & Strathaven,S14000077,221,SC,Scotland,County,10.5,68.8,75161,51684,13169,25.48,SNP,Lab,21.36,21.56,6.88,2.08,0,47.04,0,1.08
Eastbourne,Eastbourne,E14001219,222,SE,England,Borough,8,69.9,73322,51259,2168,4.23,Con,LD,47.09,6.95,42.86,0,2.75,0,0,0.36
Eastleigh,Eastleigh,E14001220,223,SE,England,Borough,67.9,70.8,69982,49572,8641,17.43,Con,LD,51.87,11.66,34.43,2.04,0,0,0,0
Edinburgh East and Musselburgh,Edinburgh East & Musselburgh,S14000078,224,SC,Scotland,Borough,22.7,69,75705,52253,11796,22.57,SNP,Lab,14.07,26.39,6.97,3.6,0,48.97,0,0
Edinburgh North and Leith,Edinburgh North & Leith,S14000079,225,SC,Scotland,Borough,13.3,76.7,76770,58855,12983,22.06,SNP,Lab,17.61,21.73,12.51,3.26,0.86,43.79,0,0.23
Edinburgh South,Edinburgh South,S14000080,226,SC,Scotland,Borough,6.7,74.7,70980,53029,10795,20.36,Lab,SNP,16.82,46.22,8.19,2.91,0,25.86,0,0
Edinburgh South West,Edinburgh South West,S14000081,227,SC,Scotland,Borough,none,71.1,73315,52131,11982,22.98,SNP,Con,24.65,14.34,9.54,2.43,1.2,47.63,0,0.22
Edinburgh West,Edinburgh West,S14000082,228,SC,Scotland,Borough,14.7,71.7,76723,55024,2888,5.25,LD,SNP,18.03,8.7,38.23,1.96,0.09,32.98,0,0
Edmonton and Winchmore Hill,Edmonton & Winchmore Hill,E14001221,229,GL,England,Borough,49,64.2,75204,"48,247","13,067",27.08,Lab,Con,31.11,58.19,6.73,2.06,1.75,0,0,0.16
Ellesmere Port and Bromborough,Ellesmere Port & Bromborough,E14001222,230,NW,England,Borough,64.9,63.7,71027,45216,14577,32.24,Lab,Con,27.06,59.3,7.42,1.9,4.33,0,0,0
Eltham and Chislehurst,Eltham & Chislehurst,E14001223,231,GL,England,Borough,43.9,68.9,74179,51087,3444,6.74,Con,Lab,46.85,40.11,7.49,2.97,2.58,0,0,0
Ely and East Cambridgeshire,Ely & East Cambridgeshire,E14001224,232,EE,England,County,54.2,71.4,76279,54465,13449,24.69,Con,LD,53.95,14.37,29.26,0.57,0,0,0,1.85
Enfield North,Enfield North,E14001225,233,GL,England,Borough,20.1,66.1,76824,50808,8853,17.42,Lab,Con,35.92,53.34,6.53,2.42,1.79,0,0,0
Epping Forest,Epping Forest,E14001226,234,EE,England,County,none,67.4,74553,50268,22173,44.11,Con,Lab,64.38,20.27,10.72,3.93,0,0,0,0.7
Epsom and Ewell,Epsom & Ewell,E14001227,235,SE,England,Borough,25.7,74.7,76844,57397,16856,29.37,Con,LD,53.58,16.82,24.21,3.3,0,0,0,2.09
Erewash,Erewash,E14001228,236,EM,England,County,none,67.8,71986,48814,10606,21.73,Con,Lab,56.46,34.73,5.09,2.28,0,0,0,1.43
Erith and Thamesmead,Erith & Thamesmead,E14001229,237,GL,England,Borough,47.5,56.2,76728,43085,12988,30.15,Lab,Con,28.21,58.35,4.92,2.85,5.05,0,0,0.63
Esher and Walton,Esher & Walton,E14001230,238,SE,England,Borough,22,76.7,73280,56178,3015,5.37,Con,LD,49.52,4.8,44.15,0.23,0,0,0,1.29
North West Essex,Essex North West,E14001402,239,EE,England,County,11.9,72.5,76280,55277,23227,42.02,Con,LD,61.7,13.78,19.68,4.84,0,0,0,0
Exeter,Exeter,E14001231,240,SW,England,Borough,13,67.4,71713,48358,10988,22.72,Lab,Con,32.08,54.8,0.02,9.34,2.6,0,0,1.17
Exmouth and Exeter East,Exmouth & Exeter East,E14001232,241,SW,England,County,40.6,74.9,74502,55832,8809,15.78,Con,Other,49.84,10.53,3.03,1.74,0.31,0,0,34.56
Falkirk,Falkirk,S14000083,242,SC,Scotland,County,41.7,64.9,75067,48713,12578,25.82,SNP,Con,25.93,12.07,6.78,3.1,0.36,51.75,0,0
Fareham and Waterlooville,Fareham & Waterlooville,E14001233,243,SE,England,County,89.9,65.4,77036,50378,21276,42.23,Con,LD,61.18,15.78,18.94,4.1,0,0,0,0
Farnham and Bordon,Farnham & Bordon,E14001234,244,SE,England,County,84.5,70.1,72938,51141,13577,26.55,Con,LD,59.4,6.82,32.85,0.94,0,0,0,0
Faversham and Mid Kent,Faversham & Mid Kent,E14001235,245,SE,England,County,21.4,67.2,71798,48215,20618,42.76,Con,Lab,62.61,19.85,12.47,4.09,0,0,0,0.98
Feltham and Heston,Feltham & Heston,E14001236,246,GL,England,Borough,8.3,58.3,75226,43883,6993,15.94,Lab,Con,35.79,51.72,6.62,2.39,3.47,0,0,0
Fermanagh and South Tyrone,Fermanagh & South Tyrone,N05000007,247,NI,Northern Ireland,County,10.5,69.2,74643,51635,510,0.99,SF,UUP,0,,,0,,,,1.45
North East Fife,Fife North East,S14000100,248,SC,Scotland,County,15.7,74.1,70452,52183,728,1.4,SNP,LD,13.66,5.48,39.56,0,0.35,40.95,0,0
Filton and Bradley Stoke,Filton & Bradley Stoke,E14001237,249,SW,England,Borough,34.8,70,73598,"51,495","7,842",15.23,Con,Lab,51,35.77,10.01,2.72,0,0,0,0.5
Finchley and Golders Green,Finchley & Golders Green,E14001238,250,GL,England,Borough,0.8,73.1,75761,55412,6629,11.96,Con,LD,43.79,24.36,31.83,0.01,0,0,0,0
Folkestone and Hythe,Folkestone & Hythe,E14001239,251,SE,England,County,20.9,64,70023,44795,13239,29.55,Con,Lab,56.32,26.76,10,4.88,0,0,0,2.04
Forest of Dean,Forest of Dean,E14001240,252,SW,England,County,none,72,71510,51475,15869,30.83,Con,Lab,59.6,28.77,0,9.09,0,0,0,2.53
Foyle,Foyle,N05000008,253,NI,Northern Ireland,County,6.5,63.4,69890,44276,16413,37.07,SDLP,SF,0,,,0,,,,4.4
Frome and East Somerset,Frome & East Somerset,E14001241,254,SW,England,County,91.7,68.4,70177,47970,12395,25.84,Con,LD,49.29,21.17,23.45,6.08,0,0,0,0
Fylde,Fylde,E14001242,255,NW,England,County,25.4,69.2,75114,51947,19254,37.06,Con,Lab,62.23,25.17,7.35,3.47,0,0,0,1.78
Gainsborough,Gainsborough,E14001243,256,EM,England,County,2.7,65.7,74750,49122,22172,45.14,Con,Lab,66.3,21.16,10.36,0,0,0,0,2.18
Gateshead Central and Whickham,Gateshead Central & Whickham,E14001244,257,NE,England,Borough,50.6,59.2,70994,42021,5911,14.07,Lab,Con,33.02,47.09,12.23,3.79,3.88,0,0,0
Gedling,Gedling,E14001245,258,EM,England,County,6.9,71.4,75795,54100,2407,4.45,Con,Lab,47.2,42.75,4.49,2.19,3.36,0,0,0
Gillingham and Rainham,Gillingham & Rainham,E14001246,259,SE,England,Borough,none,62.1,73951,45958,15119,32.9,Con,Lab,61.3,28.4,5.45,2.27,0,0,0,2.58
Glasgow East,Glasgow East,S14000084,260,SC,Scotland,Borough,84.2,59,69748,41185,6276,15.24,SNP,Lab,12.31,33.46,4.1,1.37,0.06,48.69,0,0
Glasgow North,Glasgow North,S14000085,261,SC,Scotland,Borough,77,56.7,73210,41539,5582,13.44,SNP,Lab,8.81,34.12,5.19,3.74,0.59,47.56,0,0
Glasgow North East,Glasgow North East,S14000086,262,SC,Scotland,Borough,70.1,56.7,75236,42673,4277,10.02,SNP,Lab,10.98,37.72,3.4,0.15,0,47.75,0,0
Glasgow South,Glasgow South,S14000087,263,SC,Scotland,Borough,19.6,68,71344,48548,9151,18.85,SNP,Lab,12.69,29.45,6.02,2.61,0.93,48.3,0,0
Glasgow South West,Glasgow South West,S14000088,264,SC,Scotland,Borough,47.1,61.1,70431,43023,5533,12.86,SNP,Lab,12.6,33.84,4.4,0.83,1.62,46.71,0,0
Glasgow West,Glasgow West,S14000089,265,SC,Scotland,Borough,25.4,65.2,72499,47262,9728,20.58,SNP,Lab,15.35,28.01,7.52,0.38,0.16,48.59,0,0
Glastonbury and Somerton,Glastonbury & Somerton,E14001247,266,SW,England,County,71.7,76,70015,53194,14183,26.66,Con,LD,57.54,9.58,30.87,2.01,0,0,0,0
Glenrothes and Mid Fife,Glenrothes & Mid Fife,S14000090,267,SC,Scotland,County,39.1,60.6,69734,42278,9352,22.12,SNP,Lab,15.33,27.36,4.44,0.35,3.04,49.48,0,0
Gloucester,Gloucester,E14001248,268,SW,England,Borough,5.9,66.6,76695,51093,9880,19.34,Con,Lab,54.58,35.24,7.67,2.5,0,0,0,0
Godalming and Ash,Godalming & Ash,E14001249,269,SE,England,County,108.1,78,71399,"55,674","10,720",19.25,Con,LD,53.4,8.92,34.14,1.62,0,0,0,1.92
Goole and Pocklington,Goole & Pocklington,E14001250,270,YH,England,County,100.2,65.4,76337,49901,22302,44.69,Con,Lab,65.11,20.42,7.78,3.91,0,0,0,2.78
Gordon and Buchan,Gordon & Buchan,S14000091,271,SC,Scotland,County,48.1,67.8,70238,47591,3224,6.77,Con,SNP,45.96,3.5,11.35,0,0,39.19,0,0
Gorton and Denton,Gorton & Denton,E14001251,272,NW,England,Borough,95.1,61.7,74306,45828,22175,48.39,Lab,Con,18.85,67.24,5.83,2.52,4.86,0,0,0.71
Gosport,Gosport,E14001252,273,SE,England,Borough,none,65.7,73763,48453,23278,48.04,Con,Lab,66.51,18.47,11.3,3.73,0,0,0,0
Gower,Gower,W07000097,274,WA,Wales,County,50.4,70.6,76801,54231,3181,5.87,Lab,Con,39.89,45.75,5.87,0,3.44,0,5.05,0
Grantham and Bourne,Grantham & Bourne,E14001253,275,EM,England,County,60.6,67.8,72071,48852,22393,45.84,Con,Lab,65.82,19.98,9.02,4.32,0,0,0,0.87
Gravesham,Gravesham,E14001254,276,SE,England,County,none,65.3,72866,47560,15581,32.76,Con,Lab,62.2,29.43,5.43,2.94,0,0,0,0
Great Grimsby and Cleethorpes,Great Grimsby & Cleethorpes,E14001255,277,YH,England,Borough,55.8,54.1,77050,41675,9759,23.42,Con,Lab,55.62,32.2,4.92,1.97,4.92,0,0,0.37
Great Yarmouth,Great Yarmouth,E14001256,278,EE,England,County,none,62,70077,43462,17663,40.64,Con,Lab,65.79,25.15,3.82,2.45,0,0,0,2.79
Greenwich and Woolwich,Greenwich & Woolwich,E14001257,279,GL,England,Borough,12.6,67.8,69824,47340,15283,32.28,Lab,Con,22.73,55.01,14.58,4.6,2.3,0,0,0.78
Guildford,Guildford,E14001258,280,SE,England,County,45.1,73.7,71367,52584,3117,5.93,Con,LD,45.09,8.39,39.16,0.37,0,0,0,6.99
Hackney North and Stoke Newington,Hackney North & Stoke Newington,E14001259,281,GL,England,Borough,34.5,68.1,75401,"51,356","29,162",56.78,Lab,Con,13.03,69.82,7.74,8.02,0.95,0,0,0.44
Hackney South and Shoreditch,Hackney South & Shoreditch,E14001260,282,GL,England,Borough,27.8,63.6,75197,47817,30141,63.03,Lab,Con,10.39,73.42,8.16,6.44,1.36,0,0,0.23
Halesowen,Halesowen,E14001261,283,WM,England,Borough,55.7,62.5,69907,43724,12082,27.63,Con,Lab,60.24,32.61,3.49,2.44,0,0,0,1.22
Halifax,Halifax,E14001262,284,YH,England,Borough,4,64.1,74563,47797,1902,3.98,Lab,Con,41.67,45.65,4.82,1.98,5.89,0,0,0
Hamble Valley,Hamble Valley,E14001263,285,SE,England,County,105.4,74.2,76902,57041,23488,41.18,Con,LD,62.23,13.57,21.05,3.15,0,0,0,0
Hamilton and Clyde Valley,Hamilton & Clyde Valley,S14000092,286,SC,Scotland,County,77.9,63.6,74577,47421,7758,16.36,SNP,Lab,25.47,27.09,3.83,0.17,0,43.45,0,0
Hammersmith and Chiswick,Hammersmith & Chiswick,E14001264,287,GL,England,Borough,65.3,71.3,74746,53277,10823,20.31,Lab,Con,30.46,50.77,13.87,3.06,1.83,0,0,0
East Hampshire,Hampshire East,E14001214,288,SE,England,County,58.9,77.4,69959,54175,20200,37.29,Con,LD,59,12.3,21.72,5.48,0,0,0,1.5
North East Hampshire,Hampshire North East,E14001392,289,SE,England,County,21.9,77.4,73306,56730,22433,39.54,Con,LD,61.91,10.24,22.37,3,0,0,0,2.48
North West Hampshire,Hampshire North West,E14001403,290,SE,England,County,30.7,68,76004,51687,21507,41.61,Con,LD,60.08,16.89,18.46,4.57,0,0,0,0
Hampstead and Highgate,Hampstead & Highgate,E14001265,291,GL,England,Borough,69.3,77.3,74222,57387,13400,23.35,Lab,LD,23.17,47.64,24.29,3.65,1.25,0,0,0
"Harborough, Oadby and Wigston","Harborough, Oadby & Wigston",E14001266,292,EM,England,County,8,70.3,74810,52585,15608,29.68,Con,Lab,54.46,24.78,16.95,3.08,0,0,0,0.74
Harlow,Harlow,E14001267,293,EE,England,County,7.7,64.5,73479,47360,16694,35.25,Con,Lab,64.55,29.31,5.88,0.26,0,0,0,0
Harpenden and Berkhamsted,Harpenden & Berkhamsted,E14001268,294,EE,England,County,99.2,77.8,71635,55738,15044,26.99,Con,LD,52.27,10.6,25.28,1.63,0,0,0,10.22
Harrogate and Knaresborough,Harrogate & Knaresborough,E14001269,295,YH,England,County,6.2,73.3,75800,55543,8787,15.82,Con,LD,51.98,9.63,36.16,0.05,0,0,0,2.17
Harrow East,Harrow East,E14001270,296,GL,England,Borough,23.8,68.5,76299,52287,8987,17.19,Con,Lab,54.61,37.42,7.52,0.26,0.19,0,0,0
Harrow West,Harrow West,E14001271,297,GL,England,Borough,14.8,67.2,74060,49793,9098,18.27,Lab,Con,34.82,53.09,8.25,2.06,1.77,0,0,0
Hartlepool,Hartlepool,E14001272,298,NE,England,County,none,57.6,71228,41037,3595,8.76,Lab,Con,28.92,37.68,4.13,0,25.84,0,0,3.42
Harwich and North Essex,Harwich & North Essex,E14001273,299,EE,England,County,17.4,72.3,74838,54084,17651,32.64,Con,Lab,58.55,25.92,10.73,3.56,0,0,0,1.25
Hastings and Rye,Hastings & Rye,E14001274,300,SE,England,County,7.7,69.5,75581,52566,3532,6.72,Con,Lab,49.09,42.37,7.4,0.06,0,0,0,1.07
Havant,Havant,E14001275,301,SE,England,Borough,none,63.2,72766,45959,21792,47.42,Con,Lab,65.39,17.97,12.42,3.47,0,0,0,0.75
Hayes and Harlington,Hayes & Harlington,E14001276,302,GL,England,Borough,none,60.4,72897,43994,9261,21.05,Lab,Con,34.74,55.79,4.43,1.68,2.94,0,0,0.43
Hazel Grove,Hazel Grove,E14001277,303,NW,England,County,16.7,69.2,72941,50441,4219,8.36,Con,LD,45.59,16.27,37.22,0.31,0.61,0,0,0
Hemel Hempstead,Hemel Hempstead,E14001278,304,EE,England,County,23.1,69.6,70496,49065,13161,26.82,Con,Lab,54.95,28.13,11.35,2.92,0,0,0,2.65
Hendon,Hendon,E14001279,305,GL,England,Borough,20.4,63.8,71496,45593,3661,8.03,Con,Lab,48.91,40.88,8.57,1.64,0,0,0,0
Henley and Thame,Henley & Thame,E14001280,306,SE,England,County,8.5,76.2,70626,53842,11901,22.1,Con,LD,54.48,8.93,32.38,4.21,0,0,0,0
Hereford and South Herefordshire,Hereford & South Herefordshire,E14001281,307,WM,England,Borough,2.2,65,71125,46266,19321,41.76,Con,Lab,61.68,19.92,13.3,5.09,0,0,0,0
North Herefordshire,Herefordshire North,E14001395,308,WM,England,Borough,2.2,76.8,70894,54413,25719,47.27,Con,Lab,62.5,15.24,13.47,8.79,0,0,0,0
Herne Bay and Sandwich,Herne Bay & Sandwich,E14001282,309,SE,England,County,38.6,67,76028,50962,20372,39.97,Con,Lab,64.38,24.4,7.45,3.77,0,0,0,0
Hertford and Stortford,Hertford & Stortford,E14001283,310,EE,England,County,8.3,73.8,75396,55635,17806,32.01,Con,Lab,55.68,23.68,14.21,4.65,0,0,0,1.78
North East Hertfordshire,Hertfordshire North East,E14001393,311,EE,England,County,none,72,76849,55327,18189,32.88,Con,Lab,56.56,23.68,15.48,4.28,0,0,0,0
South West Hertfordshire,Hertfordshire South West,E14001496,312,EE,England,County,76.4,71.1,71552,50878,17623,34.64,Con,Other,52.18,16.08,12.7,1.5,0,0,0,17.54
Hertsmere,Hertsmere,E14001284,313,EE,England,County,14,71.7,73256,52513,22980,43.76,Con,Lab,64.9,21.14,10.88,3.07,0,0,0,0
Hexham,Hexham,E14001285,314,NE,England,County,18.5,74.2,72738,53945,12186,22.59,Con,Lab,54.34,31.75,9.41,3.62,0.88,0,0,0
Heywood and Middleton North,Heywood & Middleton North,E14001286,315,NW,England,County,29.6,57.9,73306,42446,680,1.6,Lab,Con,41.47,43.07,4.21,2.82,8.44,0,0,0
High Peak,High Peak,E14001287,316,EM,England,County,none,73.2,73960,54173,590,1.09,Con,Lab,45.86,44.77,5.08,2.12,2.17,0,0,0
Hinckley and Bosworth,Hinckley & Bosworth,E14001288,317,EM,England,County,18,65,75683,49192,22851,46.45,Con,LD,64.64,14.22,18.19,2.94,0,0,0,0
Hitchin,Hitchin,E14001289,318,EE,England,County,88.5,75,72112,54061,11264,20.84,Con,Lab,47.02,26.18,23.67,1.51,0,0,0,1.61
Holborn and St Pancras,Holborn & St Pancras,E14001290,319,GL,England,Borough,17.2,59.1,75475,44582,22766,51.07,Lab,Con,15.19,66.25,12.28,4.02,1.88,0,0,0.39
Honiton and Sidmouth,Honiton & Sidmouth,E14001291,320,SW,England,County,65.7,76.4,74365,56809,26229,46.17,Con,Lab,60.39,14.22,9.56,2.07,0,0,0,13.76
Hornchurch and Upminster,Hornchurch & Upminster,E14001292,321,GL,England,Borough,4.9,66.4,76938,51053,21735,42.57,Con,Lab,65.43,22.86,7.12,3.6,0,0,0,1
Hornsey and Friern Barnet,Hornsey & Friern Barnet,E14001293,322,GL,England,Borough,63.2,74.4,70565,52535,16607,31.61,Lab,LD,11.8,57.25,25.64,3.77,0.94,0,0,0.59
Horsham,Horsham,E14001294,323,SE,England,County,21.7,72.6,76981,55850,17353,31.07,Con,LD,55.78,15.64,24.71,3.01,0,0,0,0.85
Houghton and Sunderland South,Houghton & Sunderland South,E14001295,324,NE,England,County,11.5,57,76883,43798,3271,7.47,Lab,Con,32.94,40.4,5.94,2.7,15.74,0,0,2.28
Hove and Portslade,Hove & Portslade,E14001296,325,SE,England,Borough,none,76.5,73726,56391,17044,30.22,Lab,Con,28.08,58.3,6.62,4.43,1.97,0,0,0.61
Huddersfield,Huddersfield,E14001297,326,YH,England,Borough,24.6,64.9,76044,49360,7441,15.07,Lab,Con,36.36,51.43,4.96,3.82,3.44,0,0,0
Kingston upon Hull East,Hull East,E14001313,327,YH,England,Borough,18.8,46.8,72622,33953,2495,7.35,Lab,Con,34.28,41.63,4.96,2.31,16.82,0,0,0
Kingston upon Hull North and Cottingham,Hull North & Cottingham,E14001314,328,YH,England,Borough,47.3,59.1,76039,44941,5922,13.18,Lab,Con,33.46,46.64,6.49,2.61,10.81,0,0,0
Kingston upon Hull West and Haltemprice,Hull West & Haltemprice,E14001315,329,YH,England,Borough,39.5,56,74321,41631,3626,8.71,Con,Lab,42.48,33.77,9.22,1.06,13.47,0,0,0
Huntingdon,Huntingdon,E14001298,330,EE,England,County,65.5,74.5,75590,"56,317","21,645",38.43,Con,Lab,59.22,20.79,14.03,3.47,0,0,0,2.5
Hyndburn,Hyndburn,E14001299,331,NW,England,County,none,59.6,71145,42406,2951,6.96,Con,Lab,48.5,41.54,2.89,1.99,5.08,0,0,0
Ilford North,Ilford North,E14001300,332,GL,England,Borough,46,69.3,74684,51761,9030,17.45,Lab,Con,36.7,54.14,3.97,1.37,1.87,0,0,1.95
Ilford South,Ilford South,E14001301,333,GL,England,Borough,29.4,62.6,74065,46368,20409,44.02,Lab,Con,21.22,65.23,3.33,1.34,2.23,0,0,6.65
Inverclyde and Renfrewshire West,Inverclyde & Renfrewshire West,S14000093,334,SC,Scotland,County,15.3,65.8,70418,46323,8933,19.28,SNP,Lab,17.88,28.2,6.44,0,0,47.48,0,0
"Inverness, Skye and West Ross-shire","Inverness, Skye & West Ross-shire",S14000094,335,SC,Scotland,County,63.7,66,76903,50783,12865,25.33,SNP,Con,23.34,9.39,15.12,1.43,2.05,48.67,0,0
Ipswich,Ipswich,E14001302,336,EE,England,Borough,none,66,75117,49579,5479,11.05,Con,Lab,50.33,39.28,4.92,2.59,2.89,0,0,0
Isle of Wight East,Isle of Wight East,E14001303,337,SE,England,County,50.8,64,56805,36339,12119,33.35,Con,Lab,57.42,24.07,0,14.02,0,0,0,4.49
Isle of Wight West,Isle of Wight West,E14001304,338,SE,England,County,49.2,69.4,54911,38103,11618,30.49,Con,Lab,54.98,24.49,0,16.39,0,0,0,4.14
Islington North,Islington North,E14001305,339,GL,England,Borough,none,72.7,73970,53805,26188,48.67,Lab,LD,10.19,64.31,15.64,8.04,1.38,0,0,0.44
Islington South and Finsbury,Islington South & Finsbury,E14001306,340,GL,England,Borough,9.3,68.7,75905,52143,19458,37.32,Lab,LD,16.34,57.01,19.7,4.32,2.29,0,0,0.35
Jarrow and Gateshead East,Jarrow & Gateshead East,E14001307,341,NE,England,Borough,30.2,57,71106,40506,10317,25.47,Lab,Con,23.7,49.17,6.54,2.49,9.49,0,0,8.61
Keighley and Ilkley,Keighley & Ilkley,E14001308,342,YH,England,County,none,72.1,72954,52600,2218,4.22,Con,Lab,48.1,43.88,4.89,0,1.62,0,0,1.52
Kenilworth and Southam,Kenilworth & Southam,E14001309,343,WM,England,Borough,16.9,78.1,71451,55779,22303,39.98,Con,Lab,58.96,18.98,16.9,4.18,0.15,0,0,0.82
Kensington and Bayswater,Kensington & Bayswater,E14001310,344,GL,England,Borough,25.8,72.1,75980,54813,390,0.71,Lab,Con,38.32,39.03,20.16,1.4,0.83,0,0,0.26
Kettering,Kettering,E14001311,345,EM,England,County,4.7,68.3,76163,52037,17363,33.37,Con,Lab,60.28,26.92,6.68,2.97,0,0,0,3.16
Kilmarnock and Loudoun,Kilmarnock & Loudoun,S14000040,346,SC,Scotland,County,none,63.7,74801,47631,12659,26.58,SNP,Con,24.26,18.91,5.13,0,0,50.84,0,0.85
Kingston and Surbiton,Kingston & Surbiton,E14001312,347,GL,England,Borough,24.4,75.7,75410,57095,11174,19.57,LD,Con,33.07,10.21,52.65,1.58,1.14,0,0,1.36
Kingswinford and South Staffordshire,Kingswinford & South Staffordshire,E14001316,348,WM,England,Borough,84.5,71,71896,51047,29355,57.51,Con,Lab,74.33,16.82,5.32,3.53,0,0,0,0
Knowsley,Knowsley,E14001317,349,NW,England,Borough,21.8,65.2,71228,46419,32901,70.88,Lab,Con,8.75,79.62,2.51,1.97,6.28,0,0,0.87
Lagan Valley,Lagan Valley,N05000009,350,NI,Northern Ireland,County,18.8,59.9,76332,45707,7475,16.35,DUP,All,1.92,,,0,,,,0.69
West Lancashire,Lancashire West,E14001577,351,NW,England,County,none,71.5,73652,52663,8336,15.83,Lab,Con,36.31,52.14,4.86,2.37,4.32,0,0,0
Lancaster and Wyre,Lancaster & Wyre,E14001318,352,NW,England,County,73.9,65.8,74992,49382,3012,6.1,Con,Lab,47.96,41.86,3.94,4.44,1.8,0,0,0
Leeds Central and Headingley,Leeds Central & Headingley,E14001319,353,YH,England,Borough,112.8,57.9,75396,43662,19879,45.53,Lab,Con,17.9,63.43,11.19,3.45,4.02,0,0,0
Leeds East,Leeds East,E14001320,354,YH,England,County,37.7,59,75330,44451,2723,6.13,Lab,Con,40.84,46.97,3.66,2.13,5.85,0,0,0.55
Leeds North East,Leeds North East,E14001321,355,YH,England,Borough,0,71.2,70976,50500,17089,33.84,Lab,Con,23.63,57.47,11.22,3.82,3.5,0,0,0.35
Leeds North West,Leeds North West,E14001322,356,YH,England,County,96.6,77.7,71607,55672,2001,3.59,Con,Lab,41.87,38.28,14.75,2.27,1.31,0,0,1.52
Leeds South,Leeds South,E14001323,357,YH,England,Borough,38.3,57.9,74726,43249,13886,32.11,Lab,Con,26.31,58.41,4.44,3.78,6.41,0,0,0.65
Leeds South West and Morley,Leeds South West & Morley,E14001324,358,YH,England,Borough,55.5,61.1,71376,43602,7114,16.32,Con,Lab,53.13,36.81,2.77,3.3,1.79,0,0,2.19
Leeds West and Pudsey,Leeds West & Pudsey,E14001325,359,YH,England,Borough,95.9,68.3,70270,47968,2963,6.18,Lab,Con,42.23,48.41,3.64,1.43,2.77,0,0,1.52
Leicester East,Leicester East,E14001326,360,EM,England,Borough,2.9,63.1,76465,48240,5999,12.44,Lab,Con,38.48,50.92,5.63,1.78,2.51,0,0,0.68
Leicester South,Leicester South,E14001327,361,EM,England,Borough,13.7,66.9,71007,47508,22023,46.36,Lab,Con,21.83,68.19,4.32,3.34,2.32,0,0,0
Leicester West,Leicester West,E14001328,362,EM,England,Borough,12.8,53,72848,38595,4882,12.65,Lab,Con,36.65,49.3,6.72,2.83,4.51,0,0,0
Mid Leicestershire,Leicestershire Mid,E14001364,363,EM,England,County,60.2,72.5,76173,55193,20188,36.58,Con,Lab,62.22,25.65,8,4.13,0,0,0,0
North West Leicestershire,Leicestershire North West,E14001404,364,EM,England,County,5.3,67.1,75373,50594,18548,36.66,Con,Lab,62.07,25.41,6.85,4.68,0,0,0,1
South Leicestershire,Leicestershire South,E14001488,365,EM,England,County,21.8,72.4,75634,54786,25534,46.61,Con,Lab,66.54,19.93,9.57,3.97,0,0,0,0
Leigh and Atherton,Leigh & Atherton,E14001329,366,NW,England,Borough,29.7,58,76363,44283,293,0.66,Con,Lab,43.83,43.17,4.59,0.35,5.81,0,0,2.26
Lewes,Lewes,E14001330,367,SE,England,County,27.6,74,75091,55580,4126,7.42,Con,LD,48.54,7.07,41.11,2.86,0.22,0,0,0.2
Lewisham East,Lewisham East,E14001331,368,GL,England,Borough,29.1,65.3,71706,46832,19979,42.66,Lab,Con,20,62.66,10.11,3.53,2.59,0,0,1.11
Lewisham North,Lewisham North,E14001332,369,GL,England,Borough,31,68.8,73504,50586,28949,57.23,Lab,Con,12.21,69.43,11.11,5.25,1.6,0,0,0.4
Lewisham West and East Dulwich,Lewisham West & East Dulwich,E14001333,370,GL,England,Borough,101.7,66.1,69904,46226,23823,51.54,Lab,Con,14.52,66.05,9.88,7.29,1.8,0,0,0.46
Leyton and Wanstead,Leyton & Wanstead,E14001334,371,GL,England,Borough,9.6,68.5,71330,48865,21121,43.22,Lab,Con,19.85,63.08,10.66,3.82,1.71,0,0,0.87
Lichfield,Lichfield,E14001335,372,WM,England,Borough,3.5,71,73844,52465,22609,43.09,Con,Lab,64.12,21.02,10.54,3.24,0,0,0,1.08
Lincoln,Lincoln,E14001336,373,EM,England,Borough,none,68.3,74128,50629,3514,6.94,Con,Lab,47.93,40.99,4.78,2.36,2.13,0,0,1.8
Liverpool Garston,Liverpool Garston,E14001337,374,NW,England,Borough,35.9,69.8,70372,49096,28728,58.51,Lab,Con,11.67,70.18,9.89,2.67,4.89,0,0,0.7
Liverpool Riverside,Liverpool Riverside,E14001338,375,NW,England,Borough,61.6,60.5,70157,42416,32800,77.33,Lab,Con,7.77,85.1,2.21,2.35,2.57,0,0,0
Liverpool Walton,Liverpool Walton,E14001339,376,NW,England,Borough,76,65.4,71181,46551,33729,72.46,Lab,Con,9.9,82.35,2.27,1.82,2.23,0,0,1.42
Liverpool Wavertree,Liverpool Wavertree,E14001340,377,NW,England,Borough,81.1,72.4,71076,51466,31926,62.03,Lab,Con,9.57,71.6,8.01,6.15,3.69,0,0,0.97
Liverpool West Derby,Liverpool West Derby,E14001341,378,NW,England,Borough,75.2,66,70730,46648,32321,69.29,Lab,Con,8.61,77.89,2.72,1.95,4.92,0,0,3.91
Livingston,Livingston,S14000095,379,SC,Scotland,County,9.7,65.3,75454,49254,12424,25.22,SNP,Lab,21.93,22.03,6.2,2.58,0,47.26,0,0
Llanelli,Llanelli,W07000098,380,WA,Wales,County,15,62.8,69895,43892,3793,8.64,Lab,Con,30.67,39.31,0,0,8.87,0,21.14,0
East Londonderry,Londonderry East,N05000006,381,NI,Northern Ireland,County,4,56.9,72213,41101,9707,23.62,DUP,SDLP,0,,,0,,,,4.32
Lothian East,Lothian East,S14000096,382,SC,Scotland,County,13.6,71.2,71287,50777,2207,4.35,SNP,Lab,27.48,30.45,6.29,0,0,34.8,0,0.97
Loughborough,Loughborough,E14001342,383,EM,England,County,7.7,69.8,73902,51597,6091,11.8,Con,Lab,50.56,38.76,7.63,2.6,0,0,0,0.46
Louth and Horncastle,Louth & Horncastle,E14001343,384,EM,England,County,10.7,67.1,75959,50933,27883,54.74,Con,Lab,72.45,17.71,7.79,0,0,0,0,2.05
Lowestoft,Lowestoft,E14001344,385,EE,England,County,8.8,61.4,73967,45386,14850,32.72,Con,Lab,60.92,28.2,5.14,5.2,0,0,0,0.54
Luton North,Luton North,E14001345,386,EE,England,Borough,7.6,60.9,73266,44590,8740,19.6,Lab,Con,34.26,53.86,4.63,1.87,2.96,0,0,2.44
Luton South and South Bedfordshire,Luton South & South Bedfordshire,E14001346,387,EE,England,County,16,64.2,70197,45100,6066,13.45,Lab,Con,35.2,48.65,0.5,2.66,3.32,0,0,9.67
Macclesfield,Macclesfield,E14001347,388,NW,England,County,none,71,75881,53867,10711,19.88,Con,Lab,52.52,32.64,10.55,4.29,0,0,0,0
Maidenhead,Maidenhead,E14001348,389,SE,England,County,46.8,69.3,73463,50914,17101,33.59,Con,LD,57.4,15.03,23.81,3.77,0,0,0,0
Maidstone and Malling,Maidstone & Malling,E14001349,390,SE,England,County,66.7,66.9,73084,48907,19448,39.77,Con,LD,58.4,18.39,18.64,3.84,0,0,0,0.73
Makerfield,Makerfield,E14001350,391,NW,England,Borough,2.8,59,76517,45138,4955,10.98,Lab,Con,34.29,45.27,4.79,2.58,13.08,0,0,0
Maldon,Maldon,E14001351,392,EE,England,County,6,69.9,76794,53704,32001,59.59,Con,Lab,72.23,12.64,11.68,3.45,0,0,0,0
Manchester Central,Manchester Central,E14001352,393,NW,England,Borough,78.7,53.8,75311,40480,17970,44.39,Lab,Con,21,65.39,6.05,2.86,4.43,0,0,0.26
Manchester Rusholme,Manchester Rusholme,E14001353,394,NW,England,Borough,98.2,56.8,70692,40149,27901,69.49,Lab,Con,9.1,78.59,4.02,4.26,4.04,0,0,0
Manchester Withington,Manchester Withington,E14001354,395,NW,England,Borough,16.5,69.5,71614,49794,25297,50.8,Lab,LD,11.26,66.47,15.67,4.05,2.55,0,0,0
Mansfield,Mansfield,E14001355,396,EM,England,County,3.5,63.9,74680,47745,16247,34.03,Con,Lab,64.34,30.31,3.29,0,0,0,0,2.06
Melksham and Devizes,Melksham & Devizes,E14001356,397,SW,England,County,99.4,77.6,71823,55764,17028,30.54,Con,LD,57.79,11.99,27.26,2.96,0,0,0,0
Melton and Syston,Melton & Syston,E14001357,398,EM,England,County,91.5,66.7,71615,"47,792","19,004",39.76,Con,Lab,63.26,23.49,7.71,5.54,0,0,0,0
Meriden and Solihull East,Meriden & Solihull East,E14001358,399,WM,England,Borough,56.8,64.8,75309,48778,20270,41.56,Con,Lab,62.4,20.85,13.56,3.2,0,0,0,0
Merthyr Tydfil and Aberdare,Merthyr Tydfil & Aberdare,W07000099,400,WA,Wales,County,72.9,57.6,74805,43106,13410,31.11,Lab,Con,20.61,51.71,3.33,0,10.72,0,8.15,5.48
Middlesbrough and Thornaby East,Middlesbrough & Thornaby East,E14001367,401,NE,England,Borough,28.1,52.4,71742,37589,11141,29.64,Lab,Con,24.34,53.98,2.64,1.47,6.18,0,0,11.39
Middlesbrough South and East Cleveland,Middlesbrough South & East Cleveland,E14001368,402,NE,England,County,14.1,64.3,69967,45023,10299,22.87,Con,Lab,57.86,34.98,4.05,2.23,0.28,0,0,0.59
Midlothian,Midlothian,S14000045,403,SC,Scotland,County,none,67.7,71210,48221,5705,11.83,SNP,Lab,21.71,29.71,7.04,0,0,41.54,0,0
Milton Keynes Central,Milton Keynes Central,E14001369,404,SE,England,Borough,92.3,68.6,76708,52650,4952,9.41,Con,Lab,47.55,38.14,10.43,2.46,0,0,0,1.42
Milton Keynes North,Milton Keynes North,E14001370,405,SE,England,County,52.5,68.4,70620,48284,6327,13.1,Con,Lab,51.64,38.53,6.72,3.1,0,0,0,0
Mitcham and Morden,Mitcham & Morden,E14001371,406,GL,England,Borough,9.8,67.2,76877,51633,15879,30.75,Lab,Con,26.71,57.47,10.83,2.25,2.33,0,0,0.42
Monmouthshire,Monmouthshire,W07000101,407,WA,Wales,County,32,72.7,72681,52872,10837,20.5,Con,Lab,52.14,31.64,9.59,2.52,0.85,0,2.43,0.82
Montgomeryshire and Glyndwr,Montgomeryshire & Glyndwr,W07000102,408,WA,Wales,County,51.2,69,74223,51208,14765,28.83,Con,Lab,53.64,24.8,16.78,0,1.37,0,1.99,1.42
"Moray West, Nairn and Strathspey","Moray West, Nairn & Strathspey",S14000098,409,SC,Scotland,County,58.5,73.8,76237,56272,2906,5.16,SNP,Con,40.94,4.63,5.88,1.15,0.57,46.1,0,0.73
Morecambe and Lunesdale,Morecambe & Lunesdale,E14001372,410,NW,England,County,42.3,73.2,76040,55652,14188,25.49,Con,Lab,53.61,28.11,15.61,1.27,0.42,0,0,0.98
"Motherwell, Wishaw and Carluke","Motherwell, Wishaw & Carluke",S14000099,411,SC,Scotland,County,46.7,62.1,72318,44919,8294,18.46,SNP,Lab,21.23,27.48,3.96,0,0,45.94,0,1.38
Na h-Eileanan an Iar,Na h-Eileanan an Iar,S14000027,412,SC,Scotland,County,none,68.4,21177,14477,2438,16.84,SNP,Lab,22.21,28.27,4.4,0,0,45.11,0,0
Neath and Swansea East,Neath & Swansea East,W07000103,413,WA,Wales,County,95.7,60,74705,"44,824","8,451",18.85,Lab,Con,28.22,47.08,4.13,1.73,8.85,0,8.52,1.47
New Forest East,New Forest East,E14001373,414,SE,England,County,none,68.8,73823,50786,25251,49.72,Con,Lab,64.52,14.8,14.55,4.79,0,0,0,1.33
New Forest West,New Forest West,E14001374,415,SE,England,County,none,70.8,71009,50306,24403,48.51,Con,LD,63.84,13.11,15.33,7.73,0,0,0,0
Newark,Newark,E14001375,416,EM,England,County,13.5,72.4,76478,55387,21697,39.17,Con,Lab,63.07,23.9,9.57,3.11,0.35,0,0,0
Newbury,Newbury,E14001376,417,SE,England,County,14.4,71.2,71631,50971,11460,22.48,Con,LD,55.08,7.71,32.6,3.98,0,0,0,0.64
Newcastle-under-Lyme,Newcastle-under-Lyme,E14001380,418,WM,England,Borough,5.1,67.6,70025,47363,8265,17.45,Con,Lab,52.8,35.35,5.64,2.16,4.06,0,0,0
Newcastle upon Tyne Central and West,Newcastle upon Tyne Central & West,E14001377,419,NE,England,Borough,74.7,63,76460,48135,15731,32.68,Lab,Con,26.57,59.25,2.97,3.04,8.17,0,0,0
Newcastle upon Tyne East and Wallsend,Newcastle upon Tyne East & Wallsend,E14001378,420,NE,England,Borough,82.8,65,76875,49963,17793,35.61,Lab,Con,23.65,59.26,8.33,3.85,4.91,0,0,0
Newcastle upon Tyne North,Newcastle upon Tyne North,E14001379,421,NE,England,Borough,125.2,70.8,76503,"54,143","6,823",12.6,Lab,Con,31.78,44.38,14.03,4.05,5.76,0,0,0
Newport East,Newport East,W07000104,422,WA,Wales,Borough,75,60.9,76159,46405,5239,11.29,Lab,Con,36.2,47.49,5.71,1.88,6.13,0,2.59,0
Newport West and Islwyn,Newport West & Islwyn,W07000105,423,WA,Wales,County,93.7,63.7,76234,48537,2001,4.12,Lab,Con,37.67,41.79,5.1,1.95,8.86,0,4.62,0
Newry and Armagh,Newry & Armagh,N05000011,424,NI,Northern Ireland,County,13,62.4,74585,46571,9673,20.77,SF,DUP,0,,,0,,,,3.29
Newton Abbot,Newton Abbot,E14001381,425,SW,England,County,0.2,71.8,72956,52410,17456,33.31,Con,LD,55.56,17.72,22.25,2.87,0,0,0,1.6
Newton Aycliffe and Spennymoor,Newton Aycliffe & Spennymoor,E14001382,426,NE,England,County,73.8,60.8,71299,"43,372","3,408",7.86,Con,Lab,46.14,38.29,5.4,1.48,7.78,0,0,0.91
Mid Norfolk,Norfolk Mid,E14001365,427,EE,England,County,23.4,69.1,71060,49110,20388,41.51,Con,Lab,64.42,22.91,10.44,0.31,0,0,0,1.91
North Norfolk,Norfolk North,E14001396,428,EE,England,County,1.5,72.9,70719,51562,14492,28.11,Con,LD,58.46,7.72,30.36,0.09,3.37,0,0,0
North West Norfolk,Norfolk North West,E14001405,429,EE,England,County,6.1,64.6,75200,48569,21077,43.4,Con,Lab,66.04,22.64,7.78,3.54,0,0,0,0
South Norfolk,Norfolk South,E14001489,430,EE,England,County,50.4,74.3,69837,51857,17175,33.12,Con,Lab,56.5,23.38,16.97,3.16,0,0,0,0
South West Norfolk,Norfolk South West,E14001497,431,EE,England,County,12.3,66.3,72496,48049,24180,50.32,Con,Lab,68.65,18.33,8.25,3.02,0,0,0,1.74
Normanton and Hemsworth,Normanton & Hemsworth,E14001383,432,YH,England,County,29.9,57.5,75388,43367,3520,8.12,Lab,Con,31.43,39.55,4.22,1.8,15.24,0,0,7.75
North Down,North Down,N05000013,433,NI,Northern Ireland,County,4.7,60.7,70412,42757,2641,6.18,All,DUP,4.58,,,0,,,,0
Northampton North,Northampton North,E14001406,434,EM,England,Borough,34.1,67.5,75713,51084,3932,7.7,Con,Lab,49.77,42.08,5.69,2.46,0,0,0,0
Northampton South,Northampton South,E14001407,435,EM,England,Borough,73.2,69.4,71512,49608,13324,26.86,Con,Lab,57.76,30.9,7.92,3.42,0,0,0,0
South Northamptonshire,Northamptonshire South,E14001490,436,EM,England,County,43.6,72.9,76555,55827,23671,42.4,Con,Lab,63.18,20.78,11.11,3.8,0,0,0,1.14
North Northumberland,Northumberland North,E14001397,437,NE,England,County,30.9,72.7,72541,52740,17306,32.81,Con,Lab,55.93,23.12,16.09,3.4,1.47,0,0,0
Norwich North,Norwich North,E14001408,438,EE,England,Borough,7.8,70.6,71441,50423,6365,12.62,Con,Lab,51.56,38.93,6.23,2.27,0.04,0,0,0.97
Norwich South,Norwich South,E14001409,439,EE,England,Borough,2.4,70,73301,51308,12583,24.52,Lab,Con,29,53.53,9.45,4.83,3.19,0,0,0
Nottingham East,Nottingham East,E14001410,440,EM,England,Borough,13.7,59.5,75327,44806,18942,42.28,Lab,Con,20.84,63.11,6.3,3.11,3.41,0,0,3.23
Nottingham North and Kimberley,Nottingham North & Kimberley,E14001411,441,EM,England,Borough,47.1,57.8,74515,43037,2490,5.79,Lab,Con,40.22,46,3.75,2.48,5.63,0,0,1.91
Nottingham South,Nottingham South,E14001412,442,EM,England,Borough,34.5,59.3,76076,45126,10041,22.25,Lab,Con,31.56,53.81,6.72,3.29,4.63,0,0,0
Nuneaton,Nuneaton,E14001413,443,WM,England,Borough,none,64.2,70335,45190,13144,29.09,Con,Lab,60.61,31.52,4.12,3.74,0,0,0,0
Old Bexley and Sidcup,Old Bexley & Sidcup,E14001414,444,GL,England,Borough,11.9,69.8,74317,51867,20769,40.04,Con,Lab,63.93,23.89,8.3,3.45,0,0,0,0.44
Oldham East and Saddleworth,Oldham East & Saddleworth,E14001415,445,NW,England,County,none,63.2,72997,46164,1499,3.25,Lab,Con,40.27,43.51,5.25,1.69,6.46,0,0,2.83
"Oldham West, Chadderton and Royton","Oldham West, Chadderton & Royton",E14001416,446,NW,England,Borough,none,59.9,74183,44434,11127,25.04,Lab,Con,30.27,55.32,3.34,1.53,7.46,0,0,2.07
Orkney and Shetland,Orkney & Shetland,S14000051,447,SC,Scotland,County,none,66.5,34824,23160,2507,10.82,LD,SNP,9.87,6.69,44.82,0,3.89,34,0,0.73
Orpington,Orpington,E14001417,448,GL,England,Borough,31.2,68.4,71571,48958,20627,42.13,Con,Lab,61.91,19.77,14.59,3.73,0,0,0,0
Ossett and Denby Dale,Ossett & Denby Dale,E14001418,449,YH,England,County,92.5,67.9,71595,48608,11027,22.69,Con,Lab,53.85,31.17,4.94,1.24,5.11,0,0,3.69
Oxford East,Oxford East,E14001419,450,SE,England,Borough,8.6,63,72371,45598,15959,35,Lab,Con,21.45,56.45,14.02,4.7,2.3,0,0,1.09
Oxford West and Abingdon,Oxford West & Abingdon,E14001420,451,SE,England,County,31.1,73.5,72004,52915,9577,18.1,LD,Con,34.09,11.8,52.19,0.47,1.45,0,0,0
Paisley and Renfrewshire North,Paisley & Renfrewshire North,S14000101,452,SC,Scotland,Borough,44.2,66.9,69941,46778,11753,25.13,SNP,Lab,19.53,23.74,7.57,0,0.31,48.86,0,0
Paisley and Renfrewshire South,Paisley & Renfrewshire South,S14000102,453,SC,Scotland,County,17.1,66,69813,46078,11023,23.92,SNP,Lab,18.16,25.85,6.23,0,0,49.77,0,0
Peckham,Peckham,E14001421,454,GL,England,Borough,50.6,62.6,71176,44547,26553,59.61,Lab,Con,11.22,70.83,10.38,5.01,2.27,0,0,0.29
Mid and South Pembrokeshire,Pembrokeshire Mid & South,W07000100,455,WA,Wales,County,89.1,71.6,76820,54971,8621,15.68,Con,Lab,52.89,37.2,4.6,0,0,0,5.31,0
Pendle and Clitheroe,Pendle & Clitheroe,E14001422,456,NW,England,County,48.7,63,76941,48510,11568,23.85,Con,Lab,56.93,33.09,7.34,2.08,0,0,0,0.55
Penistone and Stocksbridge,Penistone & Stocksbridge,E14001423,457,YH,England,County,none,69.4,71377,49520,7210,14.56,Con,Lab,47.84,33.28,10.21,0,8.68,0,0,0
Penrith and Solway,Penrith & Solway,E14001424,458,NW,England,County,109.9,72.7,76720,"55,778","13,760",24.67,Con,Lab,54.82,30.15,8.17,3.11,1.79,0,0,1.97
Perth and Kinross-shire,Perth & Kinross-shire,S14000103,459,SC,Scotland,County,80.2,74,76320,56485,2364,4.19,SNP,Con,41.07,4.99,7.98,0,0.71,45.25,0,0
Peterborough,Peterborough,E14001425,460,EE,England,County,1.3,65.4,72273,47232,2333,4.94,Con,Lab,46.48,41.54,4.9,1.51,4.45,0,0,1.11
Plymouth Moor View,Plymouth Moor View,E14001426,461,SW,England,Borough,5.8,65.6,73378,48152,13262,27.54,Con,Lab,59.83,32.29,5.05,2.6,0.23,0,0,0
Plymouth Sutton and Devonport,Plymouth Sutton & Devonport,E14001427,462,SW,England,Borough,5.2,67,73495,49263,5122,10.4,Lab,Con,38.01,48.41,4.9,3,5.68,0,0,0
"Pontefract, Castleford and Knottingley","Pontefract, Castleford & Knottingley",E14001428,463,YH,England,County,14,56.7,72751,41268,1082,2.62,Lab,Con,35.57,38.19,6.78,0,15.79,0,0,3.67
Pontypridd,Pontypridd,W07000106,464,WA,Wales,County,80.2,61.8,73743,45579,8798,19.3,Lab,Con,27.33,46.63,1.4,0.22,8.46,0,10.89,5.07
Poole,Poole,E14001429,465,SW,England,Borough,4.1,67.6,72162,48801,18608,38.13,Con,Lab,58.8,20.67,15.35,3.44,0,0,0,1.74
Poplar and Limehouse,Poplar & Limehouse,E14001430,466,GL,England,Borough,18.4,68.1,75814,51665,22047,42.67,Lab,Con,17.67,60.34,15.5,3.4,2.36,0,0,0.73
Portsmouth North,Portsmouth North,E14001431,467,SE,England,Borough,none,63.9,71844,45910,15780,34.37,Con,Lab,61.36,26.99,7.45,2.84,0,0,0,1.36
Portsmouth South,Portsmouth South,E14001432,468,SE,England,Borough,none,63.9,74253,47425,5363,11.31,Lab,Con,37.33,48.64,11.42,0,2.1,0,0,0.51
Preston,Preston,E14001433,469,NW,England,Borough,25.1,59.1,72946,43112,11850,27.49,Lab,Con,29.8,57.29,6.76,2,4.16,0,0,0
Putney,Putney,E14001434,470,GL,England,Borough,11.2,76,73041,55526,4416,7.95,Lab,Con,36.37,44.33,16.9,2.34,0.06,0,0,0
Queen's Park and Maida Vale,Queen's Park & Maida Vale,E14001435,471,GL,England,Borough,89.3,59.5,75256,44799,18874,42.13,Lab,Con,19.79,61.92,13.91,3.21,0.92,0,0,0.26
Rawmarsh and Conisbrough,Rawmarsh & Conisbrough,E14001436,472,YH,England,County,67,57.7,70272,40544,1257,3.1,Lab,Con,36.98,40.08,3.7,0.48,16.12,0,0,2.65
Rayleigh and Wickford,Rayleigh & Wickford,E14001437,473,EE,England,County,3.5,69.3,76422,52997,30348,57.26,Con,Lab,72.93,15.67,7.7,3.7,0,0,0,0
Reading Central,Reading Central,E14001438,474,SE,England,Borough,58.3,72.3,71283,51530,8351,16.21,Lab,Con,36.4,52.6,6.38,3.11,1.11,0,0,0.39
Reading West and Mid Berkshire,Reading West & Mid Berkshire,E14001439,475,SE,England,County,69,70.6,69999,49444,16758,33.89,Con,Lab,56.79,22.89,16.9,3.42,0,0,0,0
Redcar,Redcar,E14001440,476,NE,England,Borough,7.4,62.7,71331,44720,4878,10.91,Con,Lab,47.53,36.62,4.81,1.56,6.52,0,0,2.96
Redditch,Redditch,E14001441,477,WM,England,Borough,6.7,67.9,69921,47501,18423,38.78,Con,Lab,64.67,25.89,6.4,3.05,0,0,0,0
Reigate,Reigate,E14001442,478,SE,England,County,30.4,70.2,76139,53469,19220,35.95,Con,LD,55.82,16.92,19.87,5.78,0,0,0,1.61
East Renfrewshire,Renfrewshire East,S14000021,479,SC,Scotland,County,none,75.9,72959,55357,5426,9.8,SNP,Con,35.14,12.38,7.54,0,0,44.94,0,0
Rhondda and Ogmore,Rhondda & Ogmore,W07000107,480,WA,Wales,County,46.3,57.8,73557,42549,17377,40.84,Lab,Con,15.45,56.29,2.28,1.39,11.52,0,12.43,0.65
Ribble Valley,Ribble Valley,E14001443,481,NW,England,County,63.7,68.7,75993,52240,16839,32.23,Con,Lab,59.84,27.61,8,2.84,0.01,0,0,1.7
Richmond and Northallerton,Richmond & Northallerton,E14001444,482,YH,England,County,12.6,71.3,72744,51880,24331,46.9,Con,Lab,63.34,16.44,12.48,3.81,0,0,0,3.93
Richmond Park,Richmond Park,E14001445,483,GL,England,Borough,8.2,78.7,75037,59082,7725,13.08,LD,Con,40.57,5.26,53.65,0,0,0,0,0.52
Rochdale,Rochdale,E14001446,484,NW,England,County,10.3,58.7,71697,42058,8109,19.28,Lab,Con,31.55,50.83,7.53,1.88,8.21,0,0,0
Rochester and Strood,Rochester & Strood,E14001447,485,SE,England,County,12.5,61.9,72155,44635,13553,30.36,Con,Lab,58.47,28.11,7.1,2.59,0,0,0,3.73
Romford,Romford,E14001448,486,GL,England,Borough,2,65.6,73730,48359,18536,38.33,Con,Lab,64.77,26.44,5.77,3.02,0,0,0,0
Romsey and Southampton North,Romsey & Southampton North,E14001449,487,SE,England,County,21.7,74.1,73831,54704,16251,29.71,Con,LD,57.85,12.12,28.14,0.71,0,0,0,1.17
Rossendale and Darwen,Rossendale & Darwen,E14001450,488,NW,England,County,3.1,66.9,74593,49913,9834,19.7,Con,Lab,56.35,36.64,4.17,2.48,0.36,0,0,0
Rother Valley,Rother Valley,E14001451,489,YH,England,County,8.6,64.8,70184,45488,6135,13.49,Con,Lab,46.11,32.62,4.83,2.47,11.68,0,0,2.29
Rotherham,Rotherham,E14001452,490,YH,England,Borough,22.9,57.8,75345,43521,3297,7.58,Lab,Con,33.09,40.67,6.24,0.11,17.02,0,0,2.86
Rugby,Rugby,E14001453,491,WM,England,Borough,0.8,70.4,72603,51119,13395,26.2,Con,Lab,57.33,31.13,8.29,3.25,0,0,0,0
"Ruislip, Northwood and Pinner","Ruislip, Northwood & Pinner",E14001454,492,GL,England,Borough,32.2,72.4,72168,52256,15810,30.25,Con,Lab,55.34,25.08,15.16,2.64,0.09,0,0,1.69
Runcorn and Helsby,Runcorn & Helsby,E14001455,493,NW,England,County,94.5,68.2,70950,48418,5779,11.94,Lab,Con,36.84,48.78,6.71,2.92,4.75,0,0,0
Runnymede and Weybridge,Runnymede & Weybridge,E14001456,494,SE,England,County,38.4,71.4,73778,52669,16072,30.52,Con,LD,53.22,17.75,22.7,2.69,0,0,0,3.65
Rushcliffe,Rushcliffe,E14001457,495,EM,England,County,1.5,78.1,76171,59496,7354,12.36,Con,Lab,47.34,34.98,15.96,0,0,0,0,1.71
Rutherglen,Rutherglen,S14000104,496,SC,Scotland,Borough,39.1,68.4,71612,49016,5855,11.95,SNP,Lab,17.26,31.16,7.19,0,0,43.1,0,1.28
Rutland and Stamford,Rutland & Stamford,E14001458,497,EM,England,County,85.7,75.9,70864,53774,25537,47.49,Con,LD,63.32,14.66,15.83,3.63,0,0,0,2.56
Salford,Salford,E14001459,498,NW,England,Borough,32.8,57.9,72169,41763,14248,34.12,Lab,Con,23.3,57.41,6.16,4.27,8.87,0,0,0
Salisbury,Salisbury,E14001460,499,SW,England,County,29.4,75.1,70242,52742,18848,35.74,Con,LD,55.25,18.74,19.51,5.09,0,0,0,1.41
Scarborough and Whitby,Scarborough & Whitby,E14001461,500,YH,England,County,none,67.3,73862,49724,10270,20.65,Con,Lab,55.49,34.84,6.11,0,0,0,0,3.56
Scunthorpe,Scunthorpe,E14001462,501,YH,England,County,18.8,63.6,74278,47258,10133,21.44,Con,Lab,56.32,34.88,2.64,1.83,4.33,0,0,0
Sefton Central,Sefton Central,E14001463,502,NW,England,County,22.5,76.4,74746,57089,10414,18.24,Lab,Con,34.33,52.57,6.64,2.07,3.65,0,0,0.74
Selby,Selby,E14001464,503,YH,England,County,48.2,70.6,74761,52757,14838,28.13,Con,Lab,57.95,29.83,6,3.04,0,0,0,3.18
Sevenoaks,Sevenoaks,E14001465,504,SE,England,County,14.9,69.9,73684,51488,21793,42.33,Con,LD,61.72,13.51,19.4,3.44,0,0,0,1.92
Sheffield Brightside and Hillsborough,Sheffield Brightside & Hillsborough,E14001466,505,YH,England,Borough,1.4,56.7,71154,40366,12591,31.19,Lab,Con,25.39,56.58,3.89,3,9.7,0,0,1.45
Sheffield Central,Sheffield Central,E14001467,506,YH,England,Borough,21.1,54,70453,38067,20773,54.57,Lab,Con,12.4,66.97,5.44,10.87,3.07,0,0,1.25
Sheffield Hallam,Sheffield Hallam,E14001468,507,YH,England,County,5.7,78.4,76637,60066,1108,1.84,Lab,LD,25.7,34.97,33.12,3,2.73,0,0,0.48
Sheffield Heeley,Sheffield Heeley,E14001469,508,YH,England,Borough,33.1,61.2,74614,45695,12220,26.74,Lab,Con,27.13,53.88,6.72,4.3,7.97,0,0,0
Sheffield South East,Sheffield South East,E14001470,509,YH,England,Borough,10.9,61.5,76223,46896,5214,11.12,Lab,Con,35.63,46.75,4.66,0.17,10.73,0,0,2.06
Sherwood Forest,Sherwood Forest,E14001471,510,EM,England,County,13.6,68.1,76543,52109,16290,31.26,Con,Lab,60.81,29.55,5.7,2.6,0,0,0,1.34
Shipley,Shipley,E14001472,511,YH,England,County,none,72.9,74095,54004,6242,11.56,Con,Lab,50.81,39.25,5.9,2.41,0,0,0,1.64
Shrewsbury,Shrewsbury,E14001473,512,WM,England,Borough,9.1,68.6,75139,51554,7175,13.92,Con,Lab,49.37,35.46,10.81,3.25,0,0,0,1.11
North Shropshire,Shropshire North,E14001398,513,WM,England,Borough,7.8,67.8,77052,52271,20543,39.3,Con,Lab,61.69,22.39,10.44,3.29,0,0,0,2.18
South Shropshire,Shropshire South,E14001493,514,WM,England,Borough,10.8,74.9,77034,57736,28636,49.6,Con,Lab,65.39,15.79,15.36,3.46,0,0,0,0
Sittingbourne and Sheppey,Sittingbourne & Sheppey,E14001474,515,SE,England,County,8.4,60.9,76818,46763,21337,45.63,Con,Lab,66.52,20.89,6.33,2.23,0,0,0,4.03
Skipton and Ripon,Skipton & Ripon,E14001475,516,YH,England,County,5.8,74,76758,56773,22517,39.66,Con,Lab,58.86,19.2,15.21,4.74,0,0,0,1.99
Sleaford and North Hykeham,Sleaford & North Hykeham,E14001476,517,EM,England,County,21.3,70.2,73380,51537,24680,47.89,Con,Lab,66.47,18.58,8.2,2.42,0,0,0,4.33
Slough,Slough,E14001477,518,SE,England,Borough,10.6,60.5,75287,45560,13347,29.3,Lab,Con,29.51,58.8,6.8,2.08,2.81,0,0,0
Smethwick,Smethwick,E14001478,519,WM,England,Borough,13.6,57.5,71195,40970,10974,26.79,Lab,Con,30.18,56.97,4.49,2.33,6.03,0,0,0
Solihull West and Shirley,Solihull West & Shirley,E14001479,520,WM,England,Borough,38.6,71.1,70537,50179,20798,41.45,Con,Lab,60.9,19.45,15.67,3.99,0,0,0,0
North Somerset,Somerset North,E14001399,521,SW,England,County,8.5,76.9,73963,56864,16184,28.46,Con,Lab,53.48,25.02,16.57,4.93,0,0,0,0
North East Somerset and Hanham,Somerset North East & Hanham,E14001394,522,SW,England,County,89.4,78.6,73113,57437,16389,28.53,Con,Lab,54.73,26.2,15.02,2.39,0,0,0,1.67
South Down,South Down,N05000015,523,NI,Northern Ireland,County,19.2,62.7,71772,45007,1623,3.61,SF,SDLP,0,,,0,,,,2.38
South Holland and the Deepings,South Holland & the Deepings,E14001487,524,EM,England,County,none,64.6,76139,49179,30838,62.71,Con,Lab,75.92,13.22,6.56,3.28,0,0,0,1.02
South Ribble,South Ribble,E14001491,525,NW,England,County,30.2,68.3,72029,49230,8515,17.3,Con,Lab,53.52,36.22,7.74,2.51,0,0,0,0
South Shields,South Shields,E14001492,526,NE,England,Borough,11,65.7,69725,45798,8365,18.26,Lab,Con,25.82,44.09,3.55,3.15,14.68,0,0,8.71
Southampton Itchen,Southampton Itchen,E14001499,527,SE,England,Borough,none,65.7,72150,47421,4498,9.49,Con,Lab,50.51,41.02,5.28,2.19,0,0,0,1
Southampton Test,Southampton Test,E14001500,528,SE,England,Borough,none,64.3,69960,44994,6213,13.81,Lab,Con,35.66,49.46,7.67,3.18,3.54,0,0,0.49
Southend East and Rochford,Southend East & Rochford,E14001501,529,EE,England,County,14.3,61.6,70094,43157,11942,27.67,Con,Lab,59,31.33,6.43,0.1,0,0,0,3.14
Southend West and Leigh,Southend West & Leigh,E14001502,530,EE,England,Borough,11.7,66.9,76824,51421,15454,30.05,Con,Lab,59.06,29,10.6,0,0,0,0,1.35
Southgate and Wood Green,Southgate & Wood Green,E14001503,531,GL,England,Borough,86.2,69.3,76034,52712,15414,29.24,Lab,Con,28.55,57.8,9.94,2.45,1.25,0,0,0
Southport,Southport,E14001504,532,NW,England,County,33.2,67.2,74168,49808,6771,13.59,Con,Lab,50.38,36.78,12.48,0.36,0,0,0,0
Spelthorne,Spelthorne,E14001505,533,SE,England,Borough,none,67.9,72897,49510,18393,37.15,Con,Lab,58.86,21.71,15.15,4.29,0,0,0,0
Spen Valley,Spen Valley,E14001506,534,YH,England,Borough,56.7,65.4,72169,47209,6064,12.85,Con,Lab,46.36,33.51,5.84,1.76,3.45,0,0,9.09
St Albans,St Albans,E14001507,535,EE,England,County,4.3,78,70881,55297,5905,10.68,LD,Con,39.25,8.82,49.93,1.72,0,0,0,0.28
St Austell and Newquay,St Austell & Newquay,E14001508,536,SW,England,County,15.9,73.9,74585,55098,15942,28.93,Con,Lab,55.57,26.64,10.82,3.07,0,0,0,3.89
St Helens North,St Helens North,E14001509,537,NW,England,County,none,62.5,76082,47561,12209,25.67,Lab,Con,26.62,52.29,5.61,4.13,11.35,0,0,0
St Helens South and Whiston,St Helens South & Whiston,E14001510,538,NW,England,Borough,10.8,64,70937,45397,16720,36.83,Lab,Con,21.29,58.12,5.68,4.28,10.62,0,0,0
St Ives,St Ives,E14001511,539,SW,England,County,3.8,76.9,70107,53899,5227,9.7,Con,LD,48.99,9.08,39.29,1.82,0,0,0,0.83
St Neots and Mid Cambridgeshire,St Neots & Mid Cambridgeshire,E14001512,540,EE,England,County,111.1,67,74699,50043,12250,24.48,Con,LD,51.3,18.81,26.82,1.7,0,0,0,1.37
Stafford,Stafford,E14001513,541,WM,England,Borough,55.2,72.7,70537,51311,13720,26.74,Con,Lab,57.94,31.2,6.38,4.48,0,0,0,0
Staffordshire Moorlands,Staffordshire Moorlands,E14001514,542,WM,England,Borough,19.9,67.3,70113,47209,17659,37.41,Con,Lab,64.1,26.69,6.14,3.07,0,0,0,0
Stalybridge and Hyde,Stalybridge & Hyde,E14001515,543,NW,England,County,none,58,73028,42368,2946,6.95,Lab,Con,37.95,44.9,4.31,3.33,8.48,0,0,1.03
Stevenage,Stevenage,E14001516,544,EE,England,County,none,67.8,70370,47683,8562,17.96,Con,Lab,53.12,35.16,8.67,3.06,0,0,0,0
Stirling and Strathallan,Stirling & Strathallan,S14000105,545,SC,Scotland,County,9.9,75.1,77008,57811,8556,14.8,SNP,Con,35.03,7.65,5.85,1.63,0,49.83,0,0
Stockport,Stockport,E14001517,546,NW,England,Borough,48.9,61.5,74769,46017,12012,26.1,Lab,Con,28.18,54.28,8.66,3.55,5.32,0,0,0
Stockton North,Stockton North,E14001518,547,NE,England,County,13.1,61.8,69779,43108,3972,9.21,Lab,Con,37.5,46.71,4,0,9.04,0,0,2.76
Stockton West,Stockton West,E14001519,548,NE,England,County,37.3,74.2,70108,52050,11749,22.57,Con,Lab,56.48,33.91,4.45,0.5,4.66,0,0,0
Stoke-on-Trent Central,Stoke-on-Trent Central,E14001520,549,WM,England,Borough,42.6,57.6,70550,40610,1715,4.22,Con,Lab,47.11,42.89,3.76,1.97,4.26,0,0,0
Stoke-on-Trent North,Stoke-on-Trent North,E14001521,550,WM,England,Borough,15.5,59.9,69821,41848,8077,19.3,Con,Lab,54.14,34.84,3.3,1.37,5.58,0,0,0.77
Stoke-on-Trent South,Stoke-on-Trent South,E14001522,551,WM,England,Borough,57.6,67,69831,46782,15393,32.9,Con,Lab,62.53,29.63,6.23,1.6,0,0,0,0
"Stone, Great Wyrley and Penkridge","Stone, Great Wyrley & Penkridge",E14001523,552,WM,England,Borough,108.5,66.1,70701,46741,21922,46.9,Con,Lab,68.48,21.58,6.52,3.42,0,0,0,0
Stourbridge,Stourbridge,E14001524,553,WM,England,Borough,58,66.3,69840,46311,15133,32.68,Con,Lab,61.79,29.11,5.78,1.98,0,0,0,1.34
Strangford,Strangford,N05000016,554,NI,Northern Ireland,County,21.8,56.8,70070,39834,5677,14.25,DUP,All,3.37,,,1.8,,,,0.77
Stratford and Bow,Stratford & Bow,E14001525,555,GL,England,Borough,84.1,64.2,73849,47375,26491,55.92,Lab,Con,14.52,70.43,9,3.71,2.34,0,0,0
Stratford-on-Avon,Stratford-on-Avon,E14001526,556,WM,England,Borough,2.3,74,72388,53557,19020,35.51,Con,LD,60.19,11.34,24.68,3.79,0,0,0,0
Streatham and Croydon North,Streatham & Croydon North,E14001527,557,GL,England,Borough,96.4,67.5,76050,51308,20038,39.05,Lab,Con,18.84,57.89,17.55,4.44,1.28,0,0,0
Stretford and Urmston,Stretford & Urmston,E14001528,558,NW,England,Borough,none,68.4,73212,50067,16417,32.79,Lab,Con,27.52,60.31,5.93,2.71,3.53,0,0,0
Stroud,Stroud,E14001529,559,SW,England,County,22.4,79.6,76249,60688,2467,4.07,Con,Lab,45.7,41.63,2.23,8,1.5,0,0,0.93
Central Suffolk and North Ipswich,Suffolk Central & North Ipswich,E14001156,560,EE,England,County,27.8,71,71020,"50,412","20,213",40.1,Con,Lab,61.9337,21.84,10.64,5.59,0,0,0,0
Suffolk Coastal,Suffolk Coastal,E14001530,561,EE,England,County,9.7,72.1,72663,52365,18355,35.05,Con,Lab,56.45,21.39,15.13,4.41,0,0,0,2.63
South Suffolk,Suffolk South,E14001494,562,EE,England,County,4.6,70.5,71070,50106,21473,42.86,Con,Lab,62.06,19.2,12.69,6.05,0,0,0,0
West Suffolk,Suffolk West,E14001578,563,EE,England,County,17.1,64.7,76243,49340,20797,42.15,Con,Lab,64.33,22.17,9.04,4.46,0,0,0,0
Sunderland Central,Sunderland Central,E14001531,564,NE,England,Borough,none,59.8,72688,43476,2964,6.82,Lab,Con,35.36,42.17,6.96,2.79,11.61,0,0,1.11
East Surrey,Surrey East,E14001215,565,SE,England,County,31.3,70.4,73145,51475,20565,39.95,Con,LD,60.35,13.19,20.39,2.98,0,0,0,3.09
Surrey Heath,Surrey Heath,E14001532,566,SE,England,County,24.2,73.6,70825,52131,15552,29.83,Con,LD,57.86,9.38,28.02,3.54,0,0,0,1.2
Mid Sussex,Sussex Mid,E14001366,567,SE,England,County,45.4,73.3,72255,52949,13665,25.81,Con,LD,51.28,18,25.48,4.12,0,0,0,1.13
Sussex Weald,Sussex Weald,E14001533,568,SE,England,County,43.3,70.5,70075,49418,23164,46.87,Con,LD,63.71,14.87,16.84,4.58,0,0,0,0
Sutton and Cheam,Sutton & Cheam,E14001534,569,GL,England,Borough,none,70.8,71284,50487,8351,16.54,Con,LD,49.98,14.26,33.44,2.31,0,0,0,0
Sutton Coldfield,Sutton Coldfield,E14001535,570,WM,England,Borough,none,70.2,74584,52325,19272,36.83,Con,Lab,60.4,23.57,12.15,3.88,0,0,0,0
Swansea West,Swansea West,W07000108,571,WA,Wales,County,97.1,59.2,74612,44199,10037,22.71,Lab,Con,28.67,51.38,6.41,0.83,6.84,0,5.87,0
Swindon North,Swindon North,E14001536,572,SW,England,County,12.6,65.7,72163,47381,13250,27.96,Con,Lab,58.5,30.54,7.9,3.06,0,0,0,0
Swindon South,Swindon South,E14001537,573,SW,England,Borough,29.2,68.3,72468,49527,5650,11.41,Con,Lab,51.62,40.21,7.65,0.53,0,0,0,0
Tamworth,Tamworth,E14001538,574,WM,England,Borough,3.8,64.6,73644,47584,20663,43.42,Con,Lab,66.72,23.3,5.32,2.05,0,0,0,2.62
Tatton,Tatton,E14001539,575,NW,England,County,21.2,73.3,75538,55394,19281,34.81,Con,Lab,57.28,22.48,16.19,3.69,0.36,0,0,0
Taunton and Wellington,Taunton & Wellington,E14001540,576,SW,England,County,12.9,71.6,76049,54440,8536,15.68,Con,LD,51.98,7.9,36.3,0,0,0,0,3.82
Telford,Telford,E14001541,577,WM,England,Borough,2.1,61.5,70768,43525,10900,25.04,Con,Lab,59.37,34.33,6.24,0.06,0,0,0,0
Tewkesbury,Tewkesbury,E14001542,578,SW,England,County,36.3,74.4,72426,53858,19443,36.1,Con,LD,58.1,15.69,22,4.22,0,0,0,0
East Thanet,Thanet East,E14001216,579,SE,England,Borough,33.5,64.9,73790,47924,7585,15.83,Con,Lab,53.45,37.62,5.19,3.74,0,0,0,0
Thirsk and Malton,Thirsk & Malton,E14001544,580,YH,England,County,29.6,68.1,76623,52198,23337,44.71,Con,Lab,62.5,17.79,12.46,4.5,0,0,0,2.75
Thornbury and Yate,Thornbury & Yate,E14001545,581,SW,England,County,10.9,74.8,74935,56083,14538,25.92,Con,LD,58.48,8.74,32.56,0.22,0,0,0,0
Thurrock,Thurrock,E14001546,582,EE,England,Borough,8.8,60.5,73347,44369,11962,26.96,Con,Lab,59.91,32.95,3.13,1.67,0,0,0,2.35
Tipton and Wednesbury,Tipton & Wednesbury,E14001547,583,WM,England,Borough,70.2,51.7,73820,38200,4693,12.29,Con,Lab,50.71,38.42,3.13,1.89,5.85,0,0,0
Tiverton and Minehead,Tiverton & Minehead,E14001548,584,SW,England,County,109.5,69.8,70829,49411,20665,41.82,Con,LD,61.32,14.31,19.49,4.26,0,0,0,0.63
Tonbridge,Tonbridge,E14001549,585,SE,England,County,31.9,73.9,73692,54450,27052,49.68,Con,Lab,64.76,15.08,12.29,7.88,0,0,0,0
Tooting,Tooting,E14001550,586,GL,England,Borough,none,76,76986,58473,14307,24.47,Lab,Con,28.22,52.69,14.2,3.96,0.79,0,0,0.13
Torbay,Torbay,E14001551,587,SW,England,Borough,1.6,67.3,75742,50971,17751,34.83,Con,LD,59.07,12.99,24.25,2.42,0,0,0,1.27
Torfaen,Torfaen,W07000109,588,WA,Wales,County,12.6,61.7,70591,43553,4110,9.44,Lab,Con,33.31,42.74,4.95,2.22,13.18,0,3.6,0
Torridge and Tavistock,Torridge & Tavistock,E14001552,589,SW,England,County,7.7,73.1,74802,54668,22899,41.89,Con,LD,59.83,17.86,17.94,3.37,0,0,0,1
Tottenham,Tottenham,E14001553,590,GL,England,Borough,35.7,60.2,75968,45720,30488,66.68,Lab,Con,11.1,77.79,5.04,4.3,1.29,0,0,0.48
Truro and Falmouth,Truro & Falmouth,E14001554,591,SW,England,County,22,75.3,73326,55178,4459,8.08,Con,Lab,46.83,38.75,10.84,2.76,0,0,0,0.82
Tunbridge Wells,Tunbridge Wells,E14001555,592,SE,England,County,none,72.7,75213,54650,14645,26.8,Con,LD,55.11,14.82,28.31,0,0,0,0,1.75
Twickenham,Twickenham,E14001556,593,GL,England,Borough,8.9,76.9,75889,58352,13074,22.41,LD,Con,33.83,8.66,56.24,0,1.27,0,0,0
Tynemouth,Tynemouth,E14001557,594,NE,England,Borough,19.7,73.9,73022,53940,3512,6.51,Lab,Con,40.22,46.73,6.71,2.44,3.89,0,0,0
West Tyrone,Tyrone West,N05000018,595,NI,Northern Ireland,County,6.1,62.2,70614,43891,8074,18.4,SF,DUP,0,,,1.19,,,,2.3
Mid Ulster,Ulster Mid,N05000010,596,NI,Northern Ireland,County,9.3,63.5,70094,44534,9806,22.02,SF,DUP,0,,,0,,,,1.55
Upper Bann,Upper Bann,N05000017,597,NI,Northern Ireland,County,16.4,60.3,76969,46442,7477,16.1,DUP,SF,0,,,0,,,,0.08
Uxbridge and South Ruislip,Uxbridge & South Ruislip,E14001558,598,GL,England,Borough,26.4,67.7,75042,50782,7939,15.63,Con,Lab,52.6,36.97,6.64,2.65,0,0,0,1.14
Vale of Glamorgan,Vale of Glamorgan,W07000110,599,WA,Wales,County,8.3,71,70426,49993,2566,5.13,Con,Lab,49.08,43.94,0,5.96,0,0,0,1.02
Vauxhall and Camberwell Green,Vauxhall & Camberwell Green,E14001559,600,GL,England,Borough,64.3,66.3,69995,46440,19225,41.4,Lab,LD,14.53,60.45,19.05,4.12,1.55,0,0,0.29
Wakefield and Rothwell,Wakefield & Rothwell,E14001560,601,YH,England,Borough,114.2,66.4,73968,49093,2626,5.35,Con,Lab,44.86,39.51,10.92,1,3.23,0,0,0.48
Wallasey,Wallasey,E14001561,602,NW,England,Borough,9.4,70.5,73054,51470,19422,37.73,Lab,Con,25.93,63.67,3.9,2.37,4.13,0,0,0
Walsall and Bloxwich,Walsall & Bloxwich,E14001562,603,WM,England,Borough,97.8,60.9,74866,45630,2186,4.79,Con,Lab,49.21,44.42,2.93,1.53,1.29,0,0,0.63
Walthamstow,Walthamstow,E14001563,604,GL,England,Borough,none,68.2,70867,48335,30862,63.85,Lab,Con,12.25,76.1,5.95,3.59,1.59,0,0,0.53
Warrington North,Warrington North,E14001564,605,NW,England,County,0.2,64.3,72350,46546,1513,3.25,Lab,Con,40.94,44.19,6.56,2.69,5.62,0,0,0
Warrington South,Warrington South,E14001565,606,NW,England,County,11.7,70.6,76639,54129,65,0.12,Lab,Con,44.35,44.47,8.16,0.01,2.7,0,0,0.31
Warwick and Leamington,Warwick & Leamington,E14001566,607,WM,England,Borough,12.3,69.2,75440,52208,1169,2.24,Lab,Con,41.07,43.31,10.9,2.91,1.38,0,0,0.42
North Warwickshire and Bedworth,Warwickshire North & Bedworth,E14001400,608,WM,England,Borough,none,65.4,70245,45914,17956,39.11,Con,Lab,65.88,26.77,4.51,2.84,0,0,0,0
Washington and Gateshead South,Washington & Gateshead South,E14001567,609,NE,England,Borough,32.1,58.5,71775,41954,3938,9.39,Lab,Con,33.73,43.12,4.93,2.67,13.79,0,0,1.76
Watford,Watford,E14001568,610,EE,England,Borough,29.3,68.4,70576,48298,1300,2.69,Con,Lab,42,39.31,17.74,0.26,0,0,0,0.69
Waveney Valley,Waveney Valley,E14001569,611,EE,England,County,115.1,72.7,70540,51280,22364,43.61,Con,Lab,62.2,18.59,9.16,9.31,0,0,0,0.74
Weald of Kent,Weald of Kent,E14001570,612,SE,England,County,105.4,70.8,70110,49652,28751,57.91,Con,Lab,71.96,14.06,10.11,3.88,0,0,0,0
Wellingborough and Rushden,Wellingborough & Rushden,E14001571,613,EM,England,County,18.9,61.4,76669,47044,16038,34.09,Con,Lab,62.35,28.26,6.67,2.71,0,0,0,0
Wells and Mendip Hills,Wells & Mendip Hills,E14001572,614,SW,England,County,75.1,80.8,69843,56441,14295,25.33,Con,LD,56.13,10.77,30.8,1.17,0,0,0,1.14
Welwyn Hatfield,Welwyn Hatfield,E14001573,615,EE,England,County,0.5,69.5,74535,51797,10773,20.8,Con,Lab,52.49,31.69,12.71,3.11,0,0,0,0
West Bromwich,West Bromwich,E14001574,616,WM,England,Borough,73.2,57.3,72206,41377,2150,5.2,Con,Lab,47.32,42.12,3.55,1.91,3.78,0,0,1.32
West Ham and Beckton,West Ham & Beckton,E14001576,617,GL,England,Borough,63.5,57.3,70590,40430,21937,54.26,Lab,Con,16.44,70.7,6.06,2.53,2.77,0,0,1.5
Westmorland and Lonsdale,Westmorland & Lonsdale,E14001580,618,NW,England,County,52.2,74.9,72322,54200,5140,9.48,Con,LD,50.16,6.92,40.68,0.53,1.11,0,0,0.6
Weston-super-Mare,Weston-super-Mare,E14001581,619,SW,England,County,15.2,64.9,70722,45872,13310,29.02,Con,Lab,57.14,28.12,11.73,3.01,0,0,0,0
Wetherby and Easingwold,Wetherby & Easingwold,E14001582,620,YH,England,County,109.9,76.1,71455,54397,27164,49.94,Con,Lab,68.19,18.25,7.91,3.93,0,0,0,1.72
Whitehaven and Workington,Whitehaven & Workington,E14001583,621,NW,England,County,65.5,67.3,73385,49369,2144,4.34,Con,Lab,48.42,44.08,3.96,1.23,1.52,0,0,0.8
Widnes and Halewood,Widnes & Halewood,E14001584,622,NW,England,County,65.1,66.6,70865,47209,21542,45.63,Lab,Con,20.82,66.45,2.78,2.34,7.61,0,0,0
Wigan,Wigan,E14001585,623,NW,England,County,none,59.6,75607,45042,6728,14.94,Lab,Con,31.78,46.72,5.39,2.88,13.23,0,0,0
East Wiltshire,Wiltshire East,E14001217,624,SW,England,County,69.3,68.9,71109,48988,24523,50.06,Con,Lab,65.94,15.88,14.49,3.69,0,0,0,0
South West Wiltshire,Wiltshire South West,E14001498,625,SW,England,County,18.6,66,71551,47237,17378,36.79,Con,Lab,58.31,21.53,16.48,3.68,0,0,0,0
Wimbledon,Wimbledon,E14001586,626,GL,England,Borough,29.6,76.2,74641,56872,839,1.48,Con,LD,39.77,20.81,38.29,0.24,0.24,0,0,0.64
Winchester,Winchester,E14001587,627,SE,England,County,47.3,83.5,76577,63911,9050,14.16,Con,LD,54.02,4.76,39.86,0.92,0,0,0,0.46
Windsor,Windsor,E14001588,628,SE,England,County,55.8,67.3,74338,50031,18247,36.47,Con,Lab,56.04,19.57,18.87,3.46,0.3,0,0,1.77
Wirral West,Wirral West,E14001589,629,NW,England,County,51.3,77.7,72126,56046,455,0.81,Lab,Con,44.36,45.17,5.72,2.53,2.22,0,0,0
Witham,Witham,E14001590,630,EE,England,County,11.8,69.4,75064,52105,25669,49.26,Con,Lab,66.74,17.48,10.01,5.77,0,0,0,0
Witney,Witney,E14001591,631,SE,England,County,59,69.7,70042,48839,15674,32.09,Con,LD,58.06,15.4,25.96,0,0.02,0,0,0.56
Woking,Woking,E14001592,632,SE,England,Borough,5.9,70.4,71737,50475,8683,17.2,Con,LD,48.26,16.73,31.05,2.77,0,0,0,1.19
Wokingham,Wokingham,E14001593,633,SE,England,County,83.8,78.3,70235,55012,12750,23.18,Con,LD,55.49,9.86,32.31,2.2,0,0,0,0.15
Wolverhampton North East,Wolverhampton North East,E14001594,634,WM,England,Borough,44.4,56.2,70449,39564,7847,19.83,Con,Lab,55.69,35.86,3.57,1.83,3.05,0,0,0
Wolverhampton South East,Wolverhampton South East,E14001595,635,WM,England,Borough,77.6,50.5,75685,38227,2373,6.21,Lab,Con,41.18,47.39,3.81,1.7,5.92,0,0,0
Wolverhampton West,Wolverhampton West,E14001596,636,WM,England,Borough,26.4,67.4,75592,50938,934,1.83,Con,Lab,47.37,45.54,4.36,0.24,2.48,0,0,0
Worcester,Worcester,E14001597,637,WM,England,Borough,none,68.8,73928,50898,6758,13.28,Con,Lab,50.8,37.52,7.2,3.33,0,0,0,1.15
West Worcestershire,Worcestershire West,E14001579,638,WM,England,Borough,none,75.1,76638,57530,24499,42.58,Con,LD,60.68,16.51,18.09,4.72,0,0,0,0
Worsley and Eccles,Worsley & Eccles,E14001598,639,NW,England,County,74.1,64.4,76915,49563,3961,7.99,Lab,Con,38.53,46.52,5.26,2.54,7.14,0,0,0
East Worthing and Shoreham,Worthing East & Shoreham,E14001218,640,SE,England,County,none,70.4,75466,53128,7474,14.07,Con,Lab,51.02,36.95,7.77,3.78,0,0,0,0.48
Worthing West,Worthing West,E14001599,641,SE,England,County,25.5,68.9,76293,52560,13912,26.47,Con,Lab,56,29.53,9.92,3.62,0,0,0,0.93
The Wrekin,"Wrekin, The",E14001543,642,WM,England,Borough,11.2,68.9,76143,52432,21173,40.38,Con,Lab,64.71,24.33,8.03,2.93,0,0,0,0
Wrexham,Wrexham,W07000111,643,WA,Wales,County,42.4,66.4,70964,47123,3939,8.36,Con,Lab,46.54,38.19,4.27,0.94,3.77,0,6.28,0
Wycombe,Wycombe,E14001600,644,SE,England,County,17.6,65.3,71769,46892,1494,3.19,Con,Lab,43.11,39.92,11.32,2.58,0,0,0,3.07
Wyre Forest,Wyre Forest,E14001601,645,WM,England,Borough,none,65.7,77015,50561,21413,42.35,Con,Lab,65.19,22.84,8.07,3.9,0,0,0,0
Wythenshawe and Sale East,Wythenshawe & Sale East,E14001602,646,NW,England,Borough,none,58.2,76971,44759,10396,23.23,Lab,Con,30.07,53.3,6.95,3.48,6.07,0,0,0.13
Yeovil,Yeovil,E14001603,647,SW,England,County,8.1,71.2,76056,54128,14638,27.04,Con,LD,58.15,6.32,31.11,2.8,0,0,0,1.62
Ynys Môn,Ynys Môn,W07000112,648,WA,Wales,County,none,69.7,52415,36552,1968,5.38,Con,Lab,35.45,30.07,0,0,5.98,0,28.5,0
York Central,York Central,E14001604,649,YH,England,Borough,4.7,66.9,74854,50102,14342,28.63,Lab,Con,27.78,56.4,7.82,4.19,2.43,0,0,1.38
York Outer,York Outer,E14001605,650,YH,England,County,4.7,75.3,72720,54750,10782,19.69,Con,Lab,49.63,29.94,18.67,0.02,0.48,0,0,1.26